#PDB,Partners(A_B),Protein-1,Protein-2,Mutation,ddG(kcal/mol),Source
4N0F,AB_D,FcRn,HSA,"D:V418M,D:T420A,D:V547A",1,EBY-1
4N0F,AB_D,FcRn,HSA,"D:T527M,D:K573P",1,EBY-1
4N0F,AB_D,FcRn,HSA,"D:E505Q,D:V547A",1,EBY-1
4N0F,AB_D,FcRn,HSA,"D:E505D,D:V547A",1,EBY-1
4N0F,AB_D,FcRn,HSA,"D:K402E,D:V418M,D:T420A",1,EBY-1
4N0F,AB_D,FcRn,HSA,"D:E505G,D:I513T,D:V547A",1,EBY-1
4N0F,AB_D,FcRn,HSA,"D:L394V,D:V418M,D:T420A",1,EBY-1
4N0F,AB_D,FcRn,HSA,"D:V418T,D:T420A",1,EBY-1
4N0F,AB_D,FcRn,HSA,"D:T412A,D:V418M,D:T420A",1,EBY-1
4N0F,AB_D,FcRn,HSA,"D:E400G,D:S454F,D:E465V",1,EBY-1
4N0F,AB_D,FcRn,HSA,"D:V418M,D:T420A,D:C559R",1,EBY-1
4N0F,AB_D,FcRn,HSA,"D:V418M,D:T420A,D:C438R",1,EBY-1
4N0F,AB_D,FcRn,HSA,"D:V547A,D:K573P",1,EBY-1
4N0F,AB_D,FcRn,HSA,"D:Y411H,D:V418M,D:T420A",1,EBY-1
4N0F,AB_D,FcRn,HSA,"D:V418M,D:T420A,D:Q522R",1,EBY-1
4N0F,AB_D,FcRn,HSA,"D:V418M,D:T420A,D:K436E",1,EBY-1
4N0F,AB_D,FcRn,HSA,"D:L394V,D:E505G,D:V547A",1,EBY-1
4N0F,AB_D,FcRn,HSA,"D:V418M,D:T420A,D:F509L",1,EBY-1
4N0F,AB_D,FcRn,HSA,"D:E505G,D:T527M",1,EBY-1
4N0F,AB_D,FcRn,HSA,"D:V418M,D:T420A,D:V462A",1,EBY-1
4N0F,AB_D,FcRn,HSA,"D:E505G,D:K573P",1,EBY-1
4N0F,AB_D,FcRn,HSA,"D:V418M,D:T420A,D:K444E",1,EBY-1
4N0F,AB_D,FcRn,HSA,"D:V418M,D:T420A,D:C437R",1,EBY-1
4N0F,AB_D,FcRn,HSA,"D:F395L,D:V418M,D:T420A",1,EBY-1
4N0F,AB_D,FcRn,HSA,"D:V547A,D:A552T",1,EBY-1
4N0F,AB_D,FcRn,HSA,"D:N503D,D:E505G,D:V547A",1,EBY-1
4N0F,AB_D,FcRn,HSA,"D:Y401C,D:C438R",1,EBY-1
4N0F,AB_D,FcRn,HSA,"D:E505G,D:V547A,D:D550G",1,EBY-1
4N0F,AB_D,FcRn,HSA,"D:V576I,D:A578V",1,EBY-1
4N0F,AB_D,FcRn,HSA,"D:V418M,D:T420A,D:K432R",1,EBY-1
4N0F,AB_D,FcRn,HSA,"D:V418M,D:T420A,D:T508N",1,EBY-1
4N0F,AB_D,FcRn,HSA,"D:E505G,D:K536E,D:V547A",1,EBY-1
4N0F,AB_D,FcRn,HSA,"D:V418M,D:T420A,D:S427P",1,EBY-1
4N0F,AB_D,FcRn,HSA,"D:C392*,D:V418M,D:T420A",1,EBY-1
4N0F,AB_D,FcRn,HSA,"D:V409A,D:V418M,D:T420A",1,EBY-1
4N0F,AB_D,FcRn,HSA,"D:V418M,D:T420A,D:K439E",1,EBY-1
4N0F,AB_D,FcRn,HSA,"D:E505G,D:F509L,D:V547A",1,EBY-1
4N0F,AB_D,FcRn,HSA,"D:V418M,D:T420A,D:K541E",1,EBY-1
4N0F,AB_D,FcRn,HSA,"D:E505G,D:F507L,D:V547A",1,EBY-1
4N0F,AB_D,FcRn,HSA,"D:V418M,D:T420A,D:L463S",1,EBY-1
4N0F,AB_D,FcRn,HSA,"D:V433E,D:L460I",1,EBY-1
4N0F,AB_D,FcRn,HSA,"D:K536E,D:A569T",1,EBY-1
4N0F,AB_D,FcRn,HSA,"D:K414R,D:V418M,D:T420A",1,EBY-1
4N0F,AB_D,FcRn,HSA,"D:V418M,D:T420A,D:A449T",1,EBY-1
4N0F,AB_D,FcRn,HSA,"D:E505G,D:Q543R,D:V547A",1,EBY-1
4N0F,AB_D,FcRn,HSA,"D:V418M,D:T420A,D:F568S",1,EBY-1
4N0F,AB_D,FcRn,HSA,"D:E505G,D:V547A,D:K573E",1,EBY-1
4N0F,AB_D,FcRn,HSA,"D:V418M,D:S419T,D:T420A",1,EBY-1
4N0F,AB_D,FcRn,HSA,"D:V418M,D:T420A,D:Q543R",1,EBY-1
4N0F,AB_D,FcRn,HSA,"D:P416L,D:V418M,D:T420A",1,EBY-1
4N0F,AB_D,FcRn,HSA,"D:F403L,D:V418M,D:T420A",1,EBY-1
4N0F,AB_D,FcRn,HSA,"D:L407P,D:V418M,D:T420A",1,EBY-1
4N0F,AB_D,FcRn,HSA,"D:V418M,D:T420A,D:K432E",1,EBY-1
4N0F,AB_D,FcRn,HSA,"D:P421A,D:L457P",1,EBY-1
4N0F,AB_D,FcRn,HSA,"D:V418M,D:T420A,D:K439R",1,EBY-1
4N0F,AB_D,FcRn,HSA,"D:V418M,D:T420A,D:C461R",1,EBY-1
4N0F,AB_D,FcRn,HSA,"D:V418M,D:T420A,D:N429S",1,EBY-1
4N0F,AB_D,FcRn,HSA,"D:V418M,D:T420A,D:E465K",1,EBY-1
4N0F,AB_D,FcRn,HSA,"D:E505A,D:V547A",1,EBY-1
4N0F,AB_D,FcRn,HSA,"D:E505G,D:F509Y,D:V547A",1,EBY-1
4N0F,AB_D,FcRn,HSA,"D:E505G,D:Q522R,D:V547A",1,EBY-1
4N0F,AB_D,FcRn,HSA,"D:E505G,D:V547A,D:C558R",1,EBY-1
4N0F,AB_D,FcRn,HSA,"D:V415A,D:V418M,D:T420A",1,EBY-1
4N0F,AB_D,FcRn,HSA,"D:V418M,D:T420A,D:G434S",1,EBY-1
4N0F,AB_D,FcRn,HSA,"D:Q397R,D:V418M,D:T420A",1,EBY-1
4N0F,AB_D,FcRn,HSA,"D:Q397R,D:F403L,D:N405S",1,EBY-1
4N0F,AB_D,FcRn,HSA,"D:V547A,D:K564E",1,EBY-1
4N0F,AB_D,FcRn,HSA,"D:Q417R,D:V418M,D:T420A",1,EBY-1
4N0F,AB_D,FcRn,HSA,"D:V418M,D:T420A,D:K573E",1,EBY-1
4N0F,AB_D,FcRn,HSA,"D:E505G,D:Q526R,D:V547A",1,EBY-1
4N0F,AB_D,FcRn,HSA,"D:V418M,D:T420A,D:K524E",1,EBY-1
4N0F,AB_D,FcRn,HSA,"D:V462A,D:E505G,D:V547A",1,EBY-1
4N0F,AB_D,FcRn,HSA,"D:H510L,D:Q543R",1,EBY-1
4N0F,AB_D,FcRn,HSA,"D:K541E,D:C559W",1,EBY-1
4N0F,AB_D,FcRn,HSA,"D:H535R,D:V547A",1,EBY-1
4N0F,AB_D,FcRn,HSA,"D:E505G,D:F507S,D:V547A",1,EBY-1
4N0F,AB_D,FcRn,HSA,"D:V418M,D:T420A,D:K545R",1,EBY-1
4N0F,AB_D,FcRn,HSA,"D:N429S,D:E505G,D:V547A",1,EBY-1
4N0F,AB_D,FcRn,HSA,"D:L408S,D:V418M,D:T420A",1,EBY-1
4N0F,AB_D,FcRn,HSA,"D:V418M,D:T420A,D:T515A",1,EBY-1
4N0F,AB_D,FcRn,HSA,"D:T527M,D:V547A",1,EBY-1
4N0F,AB_D,FcRn,HSA,"D:Q417R,D:K439R",1,EBY-1
4N0F,AB_D,FcRn,HSA,"D:K545I,D:V547A",1,EBY-1
4N0F,AB_D,FcRn,HSA,"D:V418M,D:V547A",1,EBY-1
4N0F,AB_D,FcRn,HSA,"D:Y411C,D:V418M,D:T420A",1,EBY-1
4N0F,AB_D,FcRn,HSA,"D:E505G,D:V530A,D:V547A",1,EBY-1
4N0F,AB_D,FcRn,HSA,"D:E505G,D:V547A,D:K574N",1,EBY-1
4N0F,AB_D,FcRn,HSA,"D:E505G,D:I513V,D:V547A",1,EBY-1
4N0F,AB_D,FcRn,HSA,"D:V418M,D:T420A,D:L430P",1,EBY-1
4N0F,AB_D,FcRn,HSA,"D:F395S,D:V418M,D:T420A",1,EBY-1
4N0F,AB_D,FcRn,HSA,"D:V418M,D:T420A,D:I513L",1,EBY-1
4N0F,AB_D,FcRn,HSA,"D:V418M,D:T420A,D:E442G",1,EBY-1
4N0F,AB_D,FcRn,HSA,"D:F403S,D:V418M,D:T420A",1,EBY-1
4N0F,AB_D,FcRn,HSA,"D:E505G,D:V547A,D:K573R",1,EBY-1
4N0F,AB_D,FcRn,HSA,"D:V418M,D:T420A,D:A449V",1,EBY-1
4N0F,AB_D,FcRn,HSA,"D:L463M,D:T506A,D:V547A",1,EBY-1
4N0F,AB_D,FcRn,HSA,"D:E505G,D:T508N,D:V547A",1,EBY-1
4N0F,AB_D,FcRn,HSA,"D:Q404R,D:V418M,D:T420A",1,EBY-1
4N0F,AB_D,FcRn,HSA,"D:T515A,D:I523T",1,EBY-1
4N0F,AB_D,FcRn,HSA,"D:C438R,D:E505G,D:V547A",1,EBY-1
4N0F,AB_D,FcRn,HSA,"D:V418M,D:T420A,D:K436R",1,EBY-1
4N0F,AB_D,FcRn,HSA,"D:E505G,D:T508A,D:V547A",1,EBY-1
4N0F,AB_D,FcRn,HSA,"D:V418M,D:T420A,D:L453P",1,EBY-1
4N0F,AB_D,FcRn,HSA,"D:V418M,D:T420A,D:K574R",1,EBY-1
4N0F,AB_D,FcRn,HSA,"D:E505G,D:V547A,D:F551L",1,EBY-1
4N0F,AB_D,FcRn,HSA,"D:V418M,D:T420A,D:V433A",1,EBY-1
4N0F,AB_D,FcRn,HSA,"D:F554I,D:K573E",1,EBY-1
4N0F,AB_D,FcRn,HSA,"D:V418M,D:S419P,D:T420A",1,EBY-1
4N0F,AB_D,FcRn,HSA,"D:V418M,D:T420A,D:K560E",1,EBY-1
4N0F,AB_D,FcRn,HSA,"D:E505G,D:V547A,D:A578V",1,EBY-1
4N0F,AB_D,FcRn,HSA,"D:M446V,D:E505G,D:V547A",1,EBY-1
4N0F,AB_D,FcRn,HSA,"D:E505G,D:I523V,D:V547A",1,EBY-1
4N0F,AB_D,FcRn,HSA,"D:N503Y,D:E505G,D:V547A",1,EBY-1
4N0F,AB_D,FcRn,HSA,"D:L463S,D:E505G,D:V547A",1,EBY-1
4N0F,AB_D,FcRn,HSA,"D:V418M,D:T420A,D:C438S",1,EBY-1
4N0F,AB_D,FcRn,HSA,"D:V418M,D:T420A,D:F507Y",1,EBY-1
4N0F,AB_D,FcRn,HSA,"D:V418M,D:T420A,D:K534E",1,EBY-1
4N0F,AB_D,FcRn,HSA,"D:V418M,D:T420A,D:H440R",1,EBY-1
4N0F,AB_D,FcRn,HSA,"D:V418M,D:T420A,D:M548T",1,EBY-1
4N0F,AB_D,FcRn,HSA,"D:E396G,D:V418M,D:T420A",1,EBY-1
4N0F,AB_D,FcRn,HSA,"D:E505G,D:F509S,D:V547A",1,EBY-1
4N0F,AB_D,FcRn,HSA,"D:E505G,D:K534R,D:V547A",1,EBY-1
4N0F,AB_D,FcRn,HSA,"D:N405S,D:V418M,D:T420A",1,EBY-1
4N0F,AB_D,FcRn,HSA,"D:E505G,D:V547A,D:D562V",1,EBY-1
4N0F,AB_D,FcRn,HSA,"D:A449T,D:E505G,D:V547A",1,EBY-1
4N0F,AB_D,FcRn,HSA,"D:F395S,D:E505G,D:V547A",1,EBY-1
4N0F,AB_D,FcRn,HSA,"D:V426A,D:E505G,D:V547A",1,EBY-1
4N0F,AB_D,FcRn,HSA,"D:V418M,D:T420A,D:I513M",1,EBY-1
4N0F,AB_D,FcRn,HSA,"D:E505G,D:K524E,D:V547A",1,EBY-1
4N0F,AB_D,FcRn,HSA,"D:E505G,D:V547A,D:F568L",1,EBY-1
4N0F,AB_D,FcRn,HSA,"D:A528T,D:V547A",1,EBY-1
4N0F,AB_D,FcRn,HSA,"D:G399R,D:T508A,D:C514R,D:A546V",1,EBY-1
4N0F,AB_D,FcRn,HSA,"D:V418M,D:T420A,D:S454P",1,EBY-1
4N0F,AB_D,FcRn,HSA,"D:L453P,D:E505G,D:V547A",1,EBY-1
4N0F,AB_D,FcRn,HSA,"D:Q404L,D:M446T,D:L457P",1,EBY-1
4N0F,AB_D,FcRn,HSA,"D:K466Q,D:Q522*,D:K560*",1,EBY-1
4N0F,AB_D,FcRn,HSA,"D:V455M,D:T515A,D:E542G",1,EBY-1
4N0F,AB_D,FcRn,HSA,"D:V418M,D:T420A,D:T508A",1,EBY-1
4N0F,AB_D,FcRn,HSA,"D:V418M,D:T420A,D:E450G",1,EBY-1
4N0F,AB_D,FcRn,HSA,"D:E505G,D:V547A,D:C559R",1,EBY-1
4N0F,AB_D,FcRn,HSA,"D:C448R,D:E505G,D:V547A",1,EBY-1
4N0F,AB_D,FcRn,HSA,"D:E505G,D:T506A,D:V547A",1,EBY-1
4N0F,AB_D,FcRn,HSA,"D:V418M,D:T420A,D:F507S",1,EBY-1
4N0F,AB_D,FcRn,HSA,"D:E505G,D:T515A,D:V547A",1,EBY-1
4N0F,AB_D,FcRn,HSA,"D:V418M,D:T420A,D:L516F",1,EBY-1
4N0F,AB_D,FcRn,HSA,"D:Y401H,D:V418M,D:T420A",1,EBY-1
4N0F,AB_D,FcRn,HSA,"D:V418M,D:T420A,D:V424A",1,EBY-1
4N0F,AB_D,FcRn,HSA,"D:E400G,D:V418M,D:T420A",1,EBY-1
4N0F,AB_D,FcRn,HSA,"D:V418M,D:T420A,D:T508S",1,EBY-1
4N0F,AB_D,FcRn,HSA,"D:V415A,D:K541R",1,EBY-1
4N0F,AB_D,FcRn,HSA,"D:K432R,D:H440R",1,EBY-1
4N0F,AB_D,FcRn,HSA,"D:E531V,D:K573P",1,EBY-1
4N0F,AB_D,FcRn,HSA,"D:V418M,D:S419L,D:T420A",1,EBY-1
4N0F,AB_D,FcRn,HSA,"D:V418M,D:T420A,D:T527M",1,EBY-1
4N0F,AB_D,FcRn,HSA,"D:K402E,D:E505G,D:V547A",1,EBY-1
4N0F,AB_D,FcRn,HSA,"D:C448*,D:E505G,D:V547A",1,EBY-1
4N0F,AB_D,FcRn,HSA,"D:Y401C,D:V418M,D:T420A",1,EBY-1
4N0F,AB_D,FcRn,HSA,"D:V418M,D:T420A,D:L457P",1,EBY-1
4N0F,AB_D,FcRn,HSA,"D:F551Y,D:K560*,D:A569V",1,EBY-1
4N0F,AB_D,FcRn,HSA,"D:V418M,D:T420A,D:V533A",1,EBY-1
4N0F,AB_D,FcRn,HSA,"D:A511V,D:T515I,D:Q526*",1,EBY-1
4N0F,AB_D,FcRn,HSA,"D:V418M,D:T420A,D:E505D",1,EBY-1
4N0F,AB_D,FcRn,HSA,"D:V415A,D:C461S",1,EBY-1
4N0F,AB_D,FcRn,HSA,"D:V424A,D:K444*",1,EBY-1
4N0F,AB_D,FcRn,HSA,"D:V418M,D:T420A,D:K444R",1,EBY-1
4N0F,AB_D,FcRn,HSA,"D:V418M,D:T420A,D:S427T",1,EBY-1
4N0F,AB_D,FcRn,HSA,"D:E505G,D:V547A,D:K560E",1,EBY-1
4N0F,AB_D,FcRn,HSA,"D:T412A,D:E505G,D:V547A",1,EBY-1
4N0F,AB_D,FcRn,HSA,"D:E505G,D:V547A,D:K564E",1,EBY-1
4N0F,AB_D,FcRn,HSA,"D:G431R,D:E505G,D:V547A",1,EBY-1
4N0F,AB_D,FcRn,HSA,"D:N405D,D:V418M,D:T420A",1,EBY-1
4N0F,AB_D,FcRn,HSA,"D:V418M,D:T420A,D:K574E",1,EBY-1
4N0F,AB_D,FcRn,HSA,"D:V418M,D:T420A,D:L460*",1,EBY-1
4N0F,AB_D,FcRn,HSA,"D:K439R,D:E505G,D:V547A",1,EBY-1
4N0F,AB_D,FcRn,HSA,"D:V418M,D:T420A,D:N458Y",1,EBY-1
4N0F,AB_D,FcRn,HSA,"D:K436R,D:E505G,D:V547A",1,EBY-1
4N0F,AB_D,FcRn,HSA,"D:E505S,D:V547A",1,EBY-1
4N0F,AB_D,FcRn,HSA,"D:V547D,D:M548T",1,EBY-1
4N0F,AB_D,FcRn,HSA,"D:E505G,D:V547A,D:K574E",1,EBY-1
4N0F,AB_D,FcRn,HSA,"D:V418M,D:T420A,D:Y452C",1,EBY-1
4N0F,AB_D,FcRn,HSA,"D:V418M,D:T420A,D:K564E",1,EBY-1
4N0F,AB_D,FcRn,HSA,"D:V418M,D:T420A,D:V555A",1,EBY-1
4N0F,AB_D,FcRn,HSA,"D:E505G,D:H535R,D:V547A",1,EBY-1
4N0F,AB_D,FcRn,HSA,"D:V418M,D:T420A,D:P447S",1,EBY-1
4N0F,AB_D,FcRn,HSA,"D:E400V,D:V418M,D:T420A",1,EBY-1
4N0F,AB_D,FcRn,HSA,"D:E520*,D:D549A,D:F568L",1,EBY-1
4N0F,AB_D,FcRn,HSA,"D:E505G,D:K534E,D:V547A",1,EBY-1
4N0F,AB_D,FcRn,HSA,"D:V418M,D:T420A,D:E442V",1,EBY-1
4N0F,AB_D,FcRn,HSA,"D:V418M,D:T420A,D:V426A",1,EBY-1
4N0F,AB_D,FcRn,HSA,"D:V418M,D:T420A,D:N458D",1,EBY-1
4N0F,AB_D,FcRn,HSA,"D:K402R,D:V418M,D:T420A",1,EBY-1
4N0F,AB_D,FcRn,HSA,"D:E505G,D:L516P,D:V547A",1,EBY-1
4N0F,AB_D,FcRn,HSA,"D:A504V,D:E505G,D:V547A",1,EBY-1
4N0F,AB_D,FcRn,HSA,"D:V418M,D:T420A,D:F551I",1,EBY-1
4N0F,AB_D,FcRn,HSA,"D:Q404*,D:V418M,D:T420A",1,EBY-1
4N0F,AB_D,FcRn,HSA,"D:V418M,D:E505G,D:V547A",1,EBY-1
4N0F,AB_D,FcRn,HSA,"D:C461R,D:E505G,D:V547A",1,EBY-1
4N0F,AB_D,FcRn,HSA,"D:V418M,D:T420A,D:S454F",1,EBY-1
4N0F,AB_D,FcRn,HSA,"D:V418M,D:T420A,D:F551L",1,EBY-1
4N0F,AB_D,FcRn,HSA,"D:V418M,D:T420A,D:K545E",1,EBY-1
4N0F,AB_D,FcRn,HSA,"D:E442V,D:H535D",1,EBY-1
4N0F,AB_D,FcRn,HSA,"D:K413R,D:C438R",1,EBY-1
4N0F,AB_D,FcRn,HSA,"D:E518V,D:V547A",1,EBY-1
4N0F,AB_D,FcRn,HSA,"D:E531V,D:V547A",1,EBY-1
4N0F,AB_D,FcRn,HSA,"D:V547A,D:M548I",1,EBY-1
4N0F,AB_D,FcRn,HSA,"D:V418M,D:T420A,D:E425G",1,EBY-1
4N0F,AB_D,FcRn,HSA,"D:V418M,D:T420A,D:N503D",1,EBY-1
4N0F,AB_D,FcRn,HSA,"D:E505G,D:V547A,D:A552T",1,EBY-1
4N0F,AB_D,FcRn,HSA,"D:S435G,D:E505G,D:V547A",1,EBY-1
4N0F,AB_D,FcRn,HSA,"D:E505G,D:V547A,D:D562G",1,EBY-1
4N0F,AB_D,FcRn,HSA,"D:E505G,D:K519R,D:V547A",1,EBY-1
4N0F,AB_D,FcRn,HSA,"D:C437R,D:E505G,D:V547A",1,EBY-1
4N0F,AB_D,FcRn,HSA,"D:V418M,D:T420A,D:M446V",1,EBY-1
4N0F,AB_D,FcRn,HSA,"D:V455A,D:E505G,D:V547A",1,EBY-1
4N0F,AB_D,FcRn,HSA,"D:E505G,D:V547A,D:K574R",1,EBY-1
4N0F,AB_D,FcRn,HSA,"D:S454F,D:Q459K,D:A561V",1,EBY-1
4N0F,AB_D,FcRn,HSA,"D:S419T,D:E425K,D:D451G",1,EBY-1
4N0F,AB_D,FcRn,HSA,"D:V418M,D:T420A,D:K574N",1,EBY-1
4N0F,AB_D,FcRn,HSA,"D:V426D,D:L463*,D:T515S",1,EBY-1
4N0F,AB_D,FcRn,HSA,"D:K402Q,D:K432R,D:L463M",1,EBY-1
4N0F,AB_D,FcRn,HSA,"D:V418M,D:T420A,D:M446I",1,EBY-1
4N0F,AB_D,FcRn,HSA,"D:L394V,D:K402E,D:I513V",1,EBY-1
4N0F,AB_D,FcRn,HSA,"D:Q522*,D:D549N,D:V555E",1,EBY-1
4N0F,AB_D,FcRn,HSA,"D:E505G,D:H510Y",1,EBY-1
4N0F,AB_D,FcRn,HSA,"D:C438R,D:E520V,D:K525R,D:F554S",1,EBY-1
4N0F,AB_D,FcRn,HSA,"D:Y411H,D:E505G,D:V547A",1,EBY-1
4N0F,AB_D,FcRn,HSA,"D:V418M,D:T420A,D:F509S",1,EBY-1
4N0F,AB_D,FcRn,HSA,"D:V409A,D:E505G,D:V547A",1,EBY-1
4N0F,AB_D,FcRn,HSA,"D:F509S,D:A569G,D:A578T",1,EBY-1
4N0F,AB_D,FcRn,HSA,"D:V418M,D:T420A,D:T422A",1,EBY-1
4N0F,AB_D,FcRn,HSA,"D:K466R,D:E505G,D:V547A",1,EBY-1
4N0F,AB_D,FcRn,HSA,"D:V418M,D:T420A,D:N458S",1,EBY-1
4N0F,AB_D,FcRn,HSA,"D:E505G,D:V547A,D:T566A",1,EBY-1
4N0F,AB_D,FcRn,HSA,"D:V418M,D:T420A,D:V530A",1,EBY-1
4N0F,AB_D,FcRn,HSA,"D:V418M,D:T420A,D:L460S",1,EBY-1
4N0F,AB_D,FcRn,HSA,"D:E425V,D:R428G,D:E565K",1,EBY-1
4N0F,AB_D,FcRn,HSA,"D:V418M,D:T420A,D:M446T",1,EBY-1
4N0F,AB_D,FcRn,HSA,"D:N405S,D:E505G,D:V547A",1,EBY-1
4N0F,AB_D,FcRn,HSA,"D:V418M,D:T420A,D:M548V",1,EBY-1
4N0F,AB_D,FcRn,HSA,"D:V418M,D:T420A,D:K466E",1,EBY-1
4N0F,AB_D,FcRn,HSA,"D:E505G,D:T506K,D:V547A",1,EBY-1
4N0F,AB_D,FcRn,HSA,"D:S435N,D:K524R,D:A553V",1,EBY-1
4N0F,AB_D,FcRn,HSA,"D:N503S,D:A546V,D:D550E",1,EBY-1
4N0F,AB_D,FcRn,HSA,"D:E505G,D:V547A,D:F554L",1,EBY-1
4N0F,AB_D,FcRn,HSA,"D:K541R,D:K573P",1,EBY-1
4N0F,AB_D,FcRn,HSA,"D:T540I,D:K573P",1,EBY-1
4N0F,AB_D,FcRn,HSA,"D:K573P,D:A577V",1,EBY-1
4N0F,AB_D,FcRn,HSA,"D:K525R,D:K573P",1,EBY-1
4N0F,AB_D,FcRn,HSA,"D:V433E,D:L516P",1,EBY-1
4N0F,AB_D,FcRn,HSA,"D:V418G,D:P421L,D:E425V,D:K536E",1,EBY-1
4N0F,AB_D,FcRn,HSA,"D:V418M,D:T420A,D:S454T",1,EBY-1
4N0F,AB_D,FcRn,HSA,"D:E505G,D:F507Y,D:V547A",1,EBY-1
4N0F,AB_D,FcRn,HSA,"D:K413E,D:V418M,D:T420A",1,EBY-1
4N0F,AB_D,FcRn,HSA,"D:V418M,D:T420A,D:E465G",1,EBY-1
4N0F,AB_D,FcRn,HSA,"D:K444N,D:V462E,D:K564R",1,EBY-1
4N0F,AB_D,FcRn,HSA,"D:V418M,D:T420A,D:K534R",1,EBY-1
4N0F,AB_D,FcRn,HSA,"D:E505G,D:I513L,D:V547A",1,EBY-1
4N0F,AB_D,FcRn,HSA,"D:E505G,D:E531V,D:V547A",1,EBY-1
4N0F,AB_D,FcRn,HSA,"D:K444E,D:F507Y,D:D549G",1,EBY-1
4N0F,AB_D,FcRn,HSA,"D:E505G,D:K545I,D:V547A",1,EBY-1
4N0F,AB_D,FcRn,HSA,"D:E505G,D:K536R,D:V547A",1,EBY-1
4N0F,AB_D,FcRn,HSA,"D:A406V,D:V418M,D:T420A",1,EBY-1
4N0F,AB_D,FcRn,HSA,"D:E505G,D:C514R,D:V547A",1,EBY-1
4N0F,AB_D,FcRn,HSA,"D:E505G,D:L532P,D:V547A",1,EBY-1
4N0F,AB_D,FcRn,HSA,"D:A528V,D:K560R,D:K573N",1,EBY-1
4N0F,AB_D,FcRn,HSA,"D:V418M,D:T420A,D:A504T",1,EBY-1
4N0F,AB_D,FcRn,HSA,"D:T420A,D:E505G,D:V547A",1,EBY-1
4N0F,AB_D,FcRn,HSA,"D:V418M,D:T420A,D:H440Q",1,EBY-1
4N0F,AB_D,FcRn,HSA,"D:S419P,D:H440Q,D:C514R",1,EBY-1
4N0F,AB_D,FcRn,HSA,"D:V418M,D:T420A,D:H535R",1,EBY-1
4N0F,AB_D,FcRn,HSA,"D:N503S,D:E505G,D:V547A",1,EBY-1
4N0F,AB_D,FcRn,HSA,"D:V418M,D:T420A,D:M548I",1,EBY-1
4N0F,AB_D,FcRn,HSA,"D:V418M,D:T420A,D:K536E",1,EBY-1
4N0F,AB_D,FcRn,HSA,"D:V418M,D:T420A,D:F551S",1,EBY-1
4N0F,AB_D,FcRn,HSA,"D:K414E,D:D512E,D:E518G",1,EBY-1
4N0F,AB_D,FcRn,HSA,"D:M548V,D:C558Y,D:K564*",1,EBY-1
4N0F,AB_D,FcRn,HSA,"D:E505G,D:T540R",1,EBY-1
4N0F,AB_D,FcRn,HSA,"D:K402N,D:H510Y",1,EBY-1
4N0F,AB_D,FcRn,HSA,"D:F568I,D:A569V",1,EBY-1
4N0F,AB_D,FcRn,HSA,"D:N405T,D:Y411N",1,EBY-1
4N0F,AB_D,FcRn,HSA,"D:K439N,D:E442V",1,EBY-1
4N0F,AB_D,FcRn,HSA,"D:V418A,D:V426I",1,EBY-1
4N0F,AB_D,FcRn,HSA,"D:E450G,D:E542G",1,EBY-1
4N0F,AB_D,FcRn,HSA,"D:L408I,D:K564*",1,EBY-1
4N0F,AB_D,FcRn,HSA,"D:V415E,D:R428G",1,EBY-1
4N0F,AB_D,FcRn,HSA,"D:G399E,D:N458I",1,EBY-1
4N0F,AB_D,FcRn,HSA,"D:T508A,D:Q526H",1,EBY-1
4N0F,AB_D,FcRn,HSA,"D:T527M,D:E565K",1,EBY-1
4N0F,AB_D,FcRn,HSA,"D:E505G,D:V547G",1,EBY-1
4N0F,AB_D,FcRn,HSA,"D:V547A,D:K573N",1,EBY-1
4N0F,AB_D,FcRn,HSA,"D:Y411H,D:C437Y",1,EBY-1
4N0F,AB_D,FcRn,HSA,"D:E505G,D:T506A",1,EBY-1
4N0F,AB_D,FcRn,HSA,"D:A528V,D:V547A",1,EBY-1
4N0F,AB_D,FcRn,HSA,"D:K524E,D:L529P,D:K538R,D:L575F",1,EBY-1
4N0F,AB_D,FcRn,HSA,"D:N429D,D:L430P,D:G434S,D:Q543K",1,EBY-1
4N0F,AB_D,FcRn,HSA,"D:L408S,D:M446T,D:A552G,D:C559Y",1,EBY-1
4N0F,AB_D,FcRn,HSA,"D:V418M,D:T420A,D:A528V",1,EBY-1
4N0F,AB_D,FcRn,HSA,"D:M446V,D:V456A,D:M548K",1,EBY-1
4N0F,AB_D,FcRn,HSA,"D:F395Y,D:R521S,D:A578V",1,EBY-1
4N0F,AB_D,FcRn,HSA,"D:E505G,D:K545R,D:V547A",1,EBY-1
4N0F,AB_D,FcRn,HSA,"D:E505G,D:K538E,D:V547A",1,EBY-1
4N0F,AB_D,FcRn,HSA,"D:V418M,D:T420A,D:C461*",1,EBY-1
4N0F,AB_D,FcRn,HSA,"D:V418M,D:T420A,D:E505V",1,EBY-1
4N0F,AB_D,FcRn,HSA,"D:L463S,D:E531G,D:C558*",1,EBY-1
4N0F,AB_D,FcRn,HSA,"D:V418M,D:T420A,D:E505K",1,EBY-1
4N0F,AB_D,FcRn,HSA,"D:C514Y,D:K541R,D:K560E",1,EBY-1
4N0F,AB_D,FcRn,HSA,"D:F395L,D:K536R,D:K564E",1,EBY-1
4N0F,AB_D,FcRn,HSA,"D:V418M,D:T420A,D:Y452H",1,EBY-1
4N0F,AB_D,FcRn,HSA,"D:V418M,D:T420A,D:A504S",1,EBY-1
4N0F,AB_D,FcRn,HSA,"D:V418M,D:T420A,D:Q543*",1,EBY-1
4N0F,AB_D,FcRn,HSA,"D:A406T,D:V418M,D:T420A",1,EBY-1
4N0F,AB_D,FcRn,HSA,"D:K444E,D:E505G,D:V547A",1,EBY-1
4N0F,AB_D,FcRn,HSA,"D:E505G,D:E531G,D:V547A",1,EBY-1
4N0F,AB_D,FcRn,HSA,"D:K444*,D:V462A,D:A552S",1,EBY-1
4N0F,AB_D,FcRn,HSA,"D:V418M,D:T420A,D:K557E",1,EBY-1
4N0F,AB_D,FcRn,HSA,"D:V418M,D:T420A,D:S435N",1,EBY-1
4N0F,AB_D,FcRn,HSA,"D:M446T,D:E505G,D:V547A",1,EBY-1
4N0F,AB_D,FcRn,HSA,"D:H464R,D:E505G,D:V547A",1,EBY-1
4N0F,AB_D,FcRn,HSA,"D:V418M,D:T420A,D:Q526R",1,EBY-1
4N0F,AB_D,FcRn,HSA,"D:V418M,D:T420A,D:V456I",1,EBY-1
4N0F,AB_D,FcRn,HSA,"D:V418M,D:T420A,D:F554S",1,EBY-1
4N0F,AB_D,FcRn,HSA,"D:V418M,D:T420A,D:F507L",1,EBY-1
4N0F,AB_D,FcRn,HSA,"D:E505G,D:K541E,D:V547A",1,EBY-1
4N0F,AB_D,FcRn,HSA,"D:L460*,D:E505G,D:V547A",1,EBY-1
4N0F,AB_D,FcRn,HSA,"D:V418M,D:T420A,D:V462L",1,EBY-1
4N0F,AB_D,FcRn,HSA,"D:K444I,D:N503D",1,EBY-1
4N0F,AB_D,FcRn,HSA,"D:E565V,D:A578T",1,EBY-1
4N0F,AB_D,FcRn,HSA,"D:K538E,D:K545*",1,EBY-1
4N0F,AB_D,FcRn,HSA,"D:K436*,D:Q522L",1,EBY-1
4N0F,AB_D,FcRn,HSA,"D:V456I,D:C461R",1,EBY-1
4N0F,AB_D,FcRn,HSA,"D:L463M,D:E505Q",1,EBY-1
4N0F,AB_D,FcRn,HSA,"D:N458I,D:C461R",1,EBY-1
4N0F,AB_D,FcRn,HSA,"D:K414I,D:V433E",1,EBY-1
4N0F,AB_D,FcRn,HSA,"D:K414I,D:K439R",1,EBY-1
4N0F,AB_D,FcRn,HSA,"D:T515A,D:V530I",1,EBY-1
4N0F,AB_D,FcRn,HSA,"D:T508A,D:K524E",1,EBY-1
4N0F,AB_D,FcRn,HSA,"D:K536R,D:K564E",1,EBY-1
4N0F,AB_D,FcRn,HSA,"D:A546V,D:V547A",1,EBY-1
4N0F,AB_D,FcRn,HSA,"D:V547A,D:F568S",1,EBY-1
4N0F,AB_D,FcRn,HSA,"D:H464L,D:T508S,D:P537L,D:V547A",1,EBY-1
4N0F,AB_D,FcRn,HSA,"D:N405K,D:I513V,D:K534E,D:E542Q",1,EBY-1
4N0F,AB_D,FcRn,HSA,"D:E505G,D:V547A,D:E570K",1,EBY-1
4N0F,AB_D,FcRn,HSA,"D:V418M,D:T420A,D:E450K",1,EBY-1
4N0F,AB_D,FcRn,HSA,"D:K432E,D:P447S,D:I523T",1,EBY-1
4N0F,AB_D,FcRn,HSA,"D:E505G,D:V547A,D:D549G",1,EBY-1
4N0F,AB_D,FcRn,HSA,"D:E450G,D:E505G,D:V547A",1,EBY-1
4N0F,AB_D,FcRn,HSA,"D:T412I,D:V418M,D:T420A",1,EBY-1
4N0F,AB_D,FcRn,HSA,"D:E505G,D:Q543*,D:V547A",1,EBY-1
4N0F,AB_D,FcRn,HSA,"D:V418M,D:T420A,D:D512G",1,EBY-1
4N0F,AB_D,FcRn,HSA,"D:V418M,D:T420A,D:L532P",1,EBY-1
4N0F,AB_D,FcRn,HSA,"D:P416S,D:V418M,D:T420A",1,EBY-1
4N0F,AB_D,FcRn,HSA,"D:N458S,D:E505G,D:V547A",1,EBY-1
4N0F,AB_D,FcRn,HSA,"D:S435C,D:A443V,D:C461*",1,EBY-1
4N0F,AB_D,FcRn,HSA,"D:S419P,D:E505G,D:V547A",1,EBY-1
4N0F,AB_D,FcRn,HSA,"D:L398P,D:K439I,D:K534R",1,EBY-1
4N0F,AB_D,FcRn,HSA,"D:N405I,D:C514R,D:K534R",1,EBY-1
4N0F,AB_D,FcRn,HSA,"D:N429S,D:N458D,D:K564M",1,EBY-1
4N0F,AB_D,FcRn,HSA,"D:E505G,D:K525R,D:V547A",1,EBY-1
4N0F,AB_D,FcRn,HSA,"D:V418M,D:T420A,D:E520V",1,EBY-1
4N0F,AB_D,FcRn,HSA,"D:C438R,D:P447L,D:V547D",1,EBY-1
4N0F,AB_D,FcRn,HSA,"D:V462E,D:E505G,D:V547A",1,EBY-1
4N0F,AB_D,FcRn,HSA,"D:V418M,D:T420A,D:K534*",1,EBY-1
4N0F,AB_D,FcRn,HSA,"D:V455M,D:F507V,D:A528T",1,EBY-1
4N0F,AB_D,FcRn,HSA,"D:V418M,D:T420A,D:L544P",1,EBY-1
4N0F,AB_D,FcRn,HSA,"D:V424A,D:E505G,D:V547A",1,EBY-1
4N0F,AB_D,FcRn,HSA,"D:V418M,D:K573N,D:A578V",1,EBY-1
4N0F,AB_D,FcRn,HSA,"D:L463S,D:I523N,D:V547A",1,EBY-1
4N0F,AB_D,FcRn,HSA,"D:K466E,D:A504V,D:K574E",1,EBY-1
4N0F,AB_D,FcRn,HSA,"D:L394P,D:V418M,D:T420A",1,EBY-1
4N0F,AB_D,FcRn,HSA,"D:L423P,D:K439R,D:E465G",1,EBY-1
4N0F,AB_D,FcRn,HSA,"D:V418M,D:T420A,D:H464R",1,EBY-1
4N0F,AB_D,FcRn,HSA,"D:V418M,D:T420A,D:A528T",1,EBY-1
4N0F,AB_D,FcRn,HSA,"D:K439E,D:E505G,D:V547A",1,EBY-1
4N0F,AB_D,FcRn,HSA,"D:V418M,D:T420A,D:H464Y",1,EBY-1
4N0F,AB_D,FcRn,HSA,"D:Y452H,D:E505G,D:V547A",1,EBY-1
4N0F,AB_D,FcRn,HSA,"D:Y401H,D:G431R,D:V547A",1,EBY-1
4N0F,AB_D,FcRn,HSA,"D:V418M,D:T420A,D:I523T",1,EBY-1
4N0F,AB_D,FcRn,HSA,"D:V418M,D:T420A,D:C514S",1,EBY-1
4N0F,AB_D,FcRn,HSA,"D:E505G,D:V547A,D:F551S",1,EBY-1
4N0F,AB_D,FcRn,HSA,"D:E556A,D:K574E",1,EBY-1
4N0F,AB_D,FcRn,HSA,"D:K560E,D:K573P",1,EBY-1
4N0F,AB_D,FcRn,HSA,"D:S517Y,D:V547A",1,EBY-1
4N0F,AB_D,FcRn,HSA,"D:K573P,D:V576A",1,EBY-1
4N0F,AB_D,FcRn,HSA,"D:K402Q,D:P441S",1,EBY-1
4N0F,AB_D,FcRn,HSA,"D:E442D,D:L463S",1,EBY-1
4N0F,AB_D,FcRn,HSA,"D:L394A,D:K439E",1,EBY-1
4N0F,AB_D,FcRn,HSA,"D:N405S,D:S419P",1,EBY-1
4N0F,AB_D,FcRn,HSA,"D:A511T,D:D549G",1,EBY-1
4N0F,AB_D,FcRn,HSA,"D:K541*,D:V547A",1,EBY-1
4N0F,AB_D,FcRn,HSA,"D:V547A,D:V555A",1,EBY-1
4N0F,AB_D,FcRn,HSA,"D:F395S,D:H510Q",2,EBY-2
4N0F,AB_D,FcRn,HSA,"D:H510Q,D:V533A",2,EBY-2
4N0F,AB_D,FcRn,HSA,"D:H510Q,D:Q522R",2,EBY-2
4N0F,AB_D,FcRn,HSA,"D:H464R,D:H510Q",2,EBY-2
4N0F,AB_D,FcRn,HSA,"D:L460*,D:H510Q",2,EBY-2
4N0F,AB_D,FcRn,HSA,"D:H510Q,D:C514R",2,EBY-2
4N0F,AB_D,FcRn,HSA,"D:H510Q,D:E518V",2,EBY-2
4N0F,AB_D,FcRn,HSA,"D:T508N,D:H510Q",2,EBY-2
4N0F,AB_D,FcRn,HSA,"D:C438R,D:H510Q",2,EBY-2
4N0F,AB_D,FcRn,HSA,"D:H510Q,D:Q526R",2,EBY-2
4N0F,AB_D,FcRn,HSA,"D:H510Q,D:K573E",2,EBY-2
4N0F,AB_D,FcRn,HSA,"D:H510Q,D:I513M",2,EBY-2
4N0F,AB_D,FcRn,HSA,"D:H510Q,D:Q543R",2,EBY-2
4N0F,AB_D,FcRn,HSA,"D:H510Q,D:K560E",2,EBY-2
4N0F,AB_D,FcRn,HSA,"D:F509L,D:H510Q",2,EBY-2
4N0F,AB_D,FcRn,HSA,"D:H510Q,D:K574E",2,EBY-2
4N0F,AB_D,FcRn,HSA,"D:H510Q,D:C558R",2,EBY-2
4N0F,AB_D,FcRn,HSA,"D:H510Q,D:I523T",2,EBY-2
4N0F,AB_D,FcRn,HSA,"D:L463S,D:H510Q",2,EBY-2
4N0F,AB_D,FcRn,HSA,"D:H510Q,D:K573R",2,EBY-2
4N0F,AB_D,FcRn,HSA,"D:C461R,D:H510Q",2,EBY-2
4N0F,AB_D,FcRn,HSA,"D:H510Q,D:F568L",2,EBY-2
4N0F,AB_D,FcRn,HSA,"D:K439R,D:H510Q",2,EBY-2
4N0F,AB_D,FcRn,HSA,"D:F507Y,D:H510Q",2,EBY-2
4N0F,AB_D,FcRn,HSA,"D:H510Q,D:K536E",2,EBY-2
4N0F,AB_D,FcRn,HSA,"D:F507S,D:H510Q",2,EBY-2
4N0F,AB_D,FcRn,HSA,"D:N458Y,D:H510Q",2,EBY-2
4N0F,AB_D,FcRn,HSA,"D:H510Q,D:K545E",2,EBY-2
4N0F,AB_D,FcRn,HSA,"D:H510Q,D:L544P",2,EBY-2
4N0F,AB_D,FcRn,HSA,"D:F395L,D:H510Q",2,EBY-2
4N0F,AB_D,FcRn,HSA,"D:L457P,D:H510Q",2,EBY-2
4N0F,AB_D,FcRn,HSA,"D:H510Q,D:K557R",2,EBY-2
4N0F,AB_D,FcRn,HSA,"D:S435G,D:H510Q",2,EBY-2
4N0F,AB_D,FcRn,HSA,"D:T506A,D:H510Q",2,EBY-2
4N0F,AB_D,FcRn,HSA,"D:F403L,D:H510Q",2,EBY-2
4N0F,AB_D,FcRn,HSA,"D:N503D,D:H510Q",2,EBY-2
4N0F,AB_D,FcRn,HSA,"D:H464Q,D:K466E",2,EBY-2
4N0F,AB_D,FcRn,HSA,"D:E505V,D:H510Q",2,EBY-2
4N0F,AB_D,FcRn,HSA,"D:V426A,D:H510Q",2,EBY-2
4N0F,AB_D,FcRn,HSA,"D:E442G,D:H510Q",2,EBY-2
4N0F,AB_D,FcRn,HSA,"D:H510Q,D:A552T",2,EBY-2
4N0F,AB_D,FcRn,HSA,"D:L407P,D:H510Q",2,EBY-2
4N0F,AB_D,FcRn,HSA,"D:H510Q,D:K573N",2,EBY-2
4N0F,AB_D,FcRn,HSA,"D:V418A,D:H510Q",2,EBY-2
4N0F,AB_D,FcRn,HSA,"D:G434S,D:H510Q",2,EBY-2
4N0F,AB_D,FcRn,HSA,"D:Y401C,D:H510Q",2,EBY-2
4N0F,AB_D,FcRn,HSA,"D:H510Q,D:C567R",2,EBY-2
4N0F,AB_D,FcRn,HSA,"D:K439E,D:H510Q",2,EBY-2
4N0F,AB_D,FcRn,HSA,"D:E465K,D:H510Q",2,EBY-2
4N0F,AB_D,FcRn,HSA,"D:K432E,D:H510Q",2,EBY-2
4N0F,AB_D,FcRn,HSA,"D:H464Q,D:K574E",2,EBY-2
4N0F,AB_D,FcRn,HSA,"D:H510Q,D:E520V",2,EBY-2
4N0F,AB_D,FcRn,HSA,"D:H510Q,D:K538R",2,EBY-2
4N0F,AB_D,FcRn,HSA,"D:E465G,D:H510Q",2,EBY-2
4N0F,AB_D,FcRn,HSA,"D:H510Q,D:E531V",2,EBY-2
4N0F,AB_D,FcRn,HSA,"D:H510Q,D:K534E",2,EBY-2
4N0F,AB_D,FcRn,HSA,"D:H464Y,D:H510Q",2,EBY-2
4N0F,AB_D,FcRn,HSA,"D:H510Q,D:K519R",2,EBY-2
4N0F,AB_D,FcRn,HSA,"D:H510Q,D:K524E",2,EBY-2
4N0F,AB_D,FcRn,HSA,"D:H510Q,D:A511T",2,EBY-2
4N0F,AB_D,FcRn,HSA,"D:H510Q,D:A569V",2,EBY-2
4N0F,AB_D,FcRn,HSA,"D:H510Q,D:D550V",2,EBY-2
4N0F,AB_D,FcRn,HSA,"D:H464Q,D:T515A",2,EBY-2
4N0F,AB_D,FcRn,HSA,"D:C461R,D:H464Q",2,EBY-2
4N0F,AB_D,FcRn,HSA,"D:H510Q,D:K519*",2,EBY-2
4N0F,AB_D,FcRn,HSA,"D:H464Q,D:A528T",2,EBY-2
4N0F,AB_D,FcRn,HSA,"D:R410H,D:H510Q",2,EBY-2
4N0F,AB_D,FcRn,HSA,"D:V455A,D:H510Q",2,EBY-2
4N0F,AB_D,FcRn,HSA,"D:H510Q,D:A528T",2,EBY-2
4N0F,AB_D,FcRn,HSA,"D:M446I,D:H510Q",2,EBY-2
4N0F,AB_D,FcRn,HSA,"D:N458D,D:H464Q",2,EBY-2
4N0F,AB_D,FcRn,HSA,"D:R445G,D:H510Q",2,EBY-2
4N0F,AB_D,FcRn,HSA,"D:H510Q,D:S517P",2,EBY-2
4N0F,AB_D,FcRn,HSA,"D:H510Q,D:L544R",2,EBY-2
4N0F,AB_D,FcRn,HSA,"D:H510Q,D:C567Y",2,EBY-2
4N0F,AB_D,FcRn,HSA,"D:H510Q,D:D550G",2,EBY-2
4N0F,AB_D,FcRn,HSA,"D:H510Q,D:C559R",2,EBY-2
4N0F,AB_D,FcRn,HSA,"D:C448R,D:H464Q",2,EBY-2
4N0F,AB_D,FcRn,HSA,"D:S454P,D:H464Q",2,EBY-2
4N0F,AB_D,FcRn,HSA,"D:H510Q,D:A578V",2,EBY-2
4N0F,AB_D,FcRn,HSA,"D:K436E,D:H510Q",2,EBY-2
4N0F,AB_D,FcRn,HSA,"D:V409A,D:H510Q",2,EBY-2
4N0F,AB_D,FcRn,HSA,"D:C448Y,D:H510Q",2,EBY-2
4N0F,AB_D,FcRn,HSA,"D:H510Q,D:K557E",2,EBY-2
4N0F,AB_D,FcRn,HSA,"D:V415A,D:H510Q",2,EBY-2
4N0F,AB_D,FcRn,HSA,"D:H510Q,D:F551L",2,EBY-2
4N0F,AB_D,FcRn,HSA,"D:F403S,D:H510Q",2,EBY-2
4N0F,AB_D,FcRn,HSA,"D:H510Q,D:K545R",2,EBY-2
4N0F,AB_D,FcRn,HSA,"D:P447L,D:H510Q",2,EBY-2
4N0F,AB_D,FcRn,HSA,"D:N458S,D:H510Q",2,EBY-2
4N0F,AB_D,FcRn,HSA,"D:H510Q,D:D550N",2,EBY-2
4N0F,AB_D,FcRn,HSA,"D:Y452H,D:H510Q",2,EBY-2
4N0F,AB_D,FcRn,HSA,"D:H510Q,D:K525R",2,EBY-2
4N0F,AB_D,FcRn,HSA,"D:H510Q,D:V530A",2,EBY-2
4N0F,AB_D,FcRn,HSA,"D:S435C,D:H510Q",2,EBY-2
4N0F,AB_D,FcRn,HSA,"D:H510Q,D:K519E",2,EBY-2
4N0F,AB_D,FcRn,HSA,"D:G434D,D:H510Q",2,EBY-2
4N0F,AB_D,FcRn,HSA,"D:H510Q,D:Q522L",2,EBY-2
4N0F,AB_D,FcRn,HSA,"D:L460S,D:H510Q",2,EBY-2
4N0F,AB_D,FcRn,HSA,"D:H510Q,D:K564E",2,EBY-2
4N0F,AB_D,FcRn,HSA,"D:K402R,D:H510Q",2,EBY-2
4N0F,AB_D,FcRn,HSA,"D:H510Q,D:V555A",2,EBY-2
4N0F,AB_D,FcRn,HSA,"D:H510Q,D:C514Y",2,EBY-2
4N0F,AB_D,FcRn,HSA,"D:H440R,D:H510Q",2,EBY-2
4N0F,AB_D,FcRn,HSA,"D:N458D,D:H510Q",2,EBY-2
4N0F,AB_D,FcRn,HSA,"D:Q459*,D:H510Q",2,EBY-2
4N0F,AB_D,FcRn,HSA,"D:T508I,D:H510Q",2,EBY-2
4N0F,AB_D,FcRn,HSA,"D:H510Q,D:E531K,D:F551S",2,EBY-2
4N0F,AB_D,FcRn,HSA,"D:M446T,D:H510Q",2,EBY-2
4N0F,AB_D,FcRn,HSA,"D:H510Q,D:M548V",2,EBY-2
4N0F,AB_D,FcRn,HSA,"D:Y452C,D:H510Q",2,EBY-2
4N0F,AB_D,FcRn,HSA,"D:S419T,D:H464Q",2,EBY-2
4N0F,AB_D,FcRn,HSA,"D:V455A,D:H464Q",2,EBY-2
4N0F,AB_D,FcRn,HSA,"D:H510Q,D:H535R",2,EBY-2
4N0F,AB_D,FcRn,HSA,"D:A504G,D:H510Q",2,EBY-2
4N0F,AB_D,FcRn,HSA,"D:H510Q,D:T566A",2,EBY-2
4N0F,AB_D,FcRn,HSA,"D:H440R,D:H464Q",2,EBY-2
4N0F,AB_D,FcRn,HSA,"D:T467A,D:H510Q",2,EBY-2
4N0F,AB_D,FcRn,HSA,"D:H510Q,D:C558Y",2,EBY-2
4N0F,AB_D,FcRn,HSA,"D:H510Q,D:P537L",2,EBY-2
4N0F,AB_D,FcRn,HSA,"D:C438R,D:H464Q",2,EBY-2
4N0F,AB_D,FcRn,HSA,"D:E442V,D:H510Q",2,EBY-2
4N0F,AB_D,FcRn,HSA,"D:H510Q,D:M548T",2,EBY-2
4N0F,AB_D,FcRn,HSA,"D:S435N,D:H510Q",2,EBY-2
4N0F,AB_D,FcRn,HSA,"D:H464Q,D:Q526R",2,EBY-2
4N0F,AB_D,FcRn,HSA,"D:H510Q,D:D562N",2,EBY-2
4N0F,AB_D,FcRn,HSA,"D:H510Q,D:K534*",2,EBY-2
4N0F,AB_D,FcRn,HSA,"D:Q404R,D:H510Q",2,EBY-2
4N0F,AB_D,FcRn,HSA,"D:Y401H,D:H510Q",2,EBY-2
4N0F,AB_D,FcRn,HSA,"D:L408S,D:H510Q",2,EBY-2
4N0F,AB_D,FcRn,HSA,"D:C438S,D:H510Q",2,EBY-2
4N0F,AB_D,FcRn,HSA,"D:H510Q,D:E531G",2,EBY-2
4N0F,AB_D,FcRn,HSA,"D:V418E,D:H510Q",2,EBY-2
4N0F,AB_D,FcRn,HSA,"D:K444R,D:H510Q",2,EBY-2
4N0F,AB_D,FcRn,HSA,"D:Y401H,D:H464Q,D:H510Q,D:A511T,D:K536E",2,EBY-2
4N0F,AB_D,FcRn,HSA,"D:L394P,D:H510Q",2,EBY-2
4N0F,AB_D,FcRn,HSA,"D:K414R,D:H464Q",2,EBY-2
4N0F,AB_D,FcRn,HSA,"D:L453P,D:H510Q",2,EBY-2
4N0F,AB_D,FcRn,HSA,"D:L453Q,D:H510Q",2,EBY-2
4N0F,AB_D,FcRn,HSA,"D:H510Q,D:R521G",2,EBY-2
4N0F,AB_D,FcRn,HSA,"D:H510Q,D:L516P",2,EBY-2
4N0F,AB_D,FcRn,HSA,"D:T422A,D:H510Q",2,EBY-2
4N0F,AB_D,FcRn,HSA,"D:H510Q,D:T566S",2,EBY-2
4N0F,AB_D,FcRn,HSA,"D:H510Q,D:E570G",2,EBY-2
4N0F,AB_D,FcRn,HSA,"D:H510Q,D:E571G",2,EBY-2
4N0F,AB_D,FcRn,HSA,"D:H464Q,D:K534R",2,EBY-2
4N0F,AB_D,FcRn,HSA,"D:H510Q,D:A577V",2,EBY-2
4N0F,AB_D,FcRn,HSA,"D:H510Q,D:T540I",2,EBY-2
4N0F,AB_D,FcRn,HSA,"D:H510Q,D:F554S",2,EBY-2
4N0F,AB_D,FcRn,HSA,"D:H510Q,D:E570V",2,EBY-2
4N0F,AB_D,FcRn,HSA,"D:H510Q,D:K541R",2,EBY-2
4N0F,AB_D,FcRn,HSA,"D:H510Q,D:E520G",2,EBY-2
4N0F,AB_D,FcRn,HSA,"D:E450G,D:H510Q",2,EBY-2
4N0F,AB_D,FcRn,HSA,"D:Y452*,D:H464Q",2,EBY-2
4N0F,AB_D,FcRn,HSA,"D:H510Q,D:F554L",2,EBY-2
4N0F,AB_D,FcRn,HSA,"D:L398P,D:H510Q",2,EBY-2
4N0F,AB_D,FcRn,HSA,"D:H510Q,D:E556G",2,EBY-2
4N0F,AB_D,FcRn,HSA,"D:S435G,D:H464Q",2,EBY-2
4N0F,AB_D,FcRn,HSA,"D:H464Q,D:H535R",2,EBY-2
4N0F,AB_D,FcRn,HSA,"D:K402E,D:H464Q",2,EBY-2
4N0F,AB_D,FcRn,HSA,"D:K432I,D:H510Q",2,EBY-2
4N0F,AB_D,FcRn,HSA,"D:H510Q,D:D562G",2,EBY-2
4N0F,AB_D,FcRn,HSA,"D:Q459L,D:H510Q",2,EBY-2
4N0F,AB_D,FcRn,HSA,"D:K414E,D:H510Q",2,EBY-2
4N0F,AB_D,FcRn,HSA,"D:H510Q,D:F551S",2,EBY-2
4N0F,AB_D,FcRn,HSA,"D:H510Q,D:V547D",2,EBY-2
4N0F,AB_D,FcRn,HSA,"D:H464Q,D:T508N",2,EBY-2
4N0F,AB_D,FcRn,HSA,"D:N405D,D:H510Q",2,EBY-2
4N0F,AB_D,FcRn,HSA,"D:H464Q,D:F507S",2,EBY-2
4N0F,AB_D,FcRn,HSA,"D:H510Q,D:K564R",2,EBY-2
4N0F,AB_D,FcRn,HSA,"D:H510Q,D:T540A",2,EBY-2
4N0F,AB_D,FcRn,HSA,"D:H510Q,D:Q522H",2,EBY-2
4N0F,AB_D,FcRn,HSA,D:H464*,2,EBY-2
4N0F,AB_D,FcRn,HSA,"D:H464Q,D:E518G",2,EBY-2
4N0F,AB_D,FcRn,HSA,"D:V456F,D:H510Q",2,EBY-2
4N0F,AB_D,FcRn,HSA,"D:H510Q,D:F551I",2,EBY-2
4N0F,AB_D,FcRn,HSA,"D:T420A,D:H510Q",2,EBY-2
4N0F,AB_D,FcRn,HSA,"D:N503S,D:H510Q",2,EBY-2
4N0F,AB_D,FcRn,HSA,"D:C448R,D:H510Q",2,EBY-2
4N0F,AB_D,FcRn,HSA,"D:H510Q,D:A578T",2,EBY-2
4N0F,AB_D,FcRn,HSA,"D:S419P,D:H464Q",2,EBY-2
4N0F,AB_D,FcRn,HSA,"D:M446T,D:H464Q",2,EBY-2
4N0F,AB_D,FcRn,HSA,"D:H464Q,D:C514Y",2,EBY-2
4N0F,AB_D,FcRn,HSA,"D:N429D,D:H510Q",2,EBY-2
4N0F,AB_D,FcRn,HSA,"D:H464Q,D:E505V",2,EBY-2
4N0F,AB_D,FcRn,HSA,"D:L463F,D:H510Q",2,EBY-2
4N0F,AB_D,FcRn,HSA,"D:H510Q,D:K574R",2,EBY-2
4N0F,AB_D,FcRn,HSA,"D:F403Y,D:H510Q",2,EBY-2
4N0F,AB_D,FcRn,HSA,"D:H510Q,D:L575F",2,EBY-2
4N0F,AB_D,FcRn,HSA,"D:H464Q,D:I513V",2,EBY-2
4N0F,AB_D,FcRn,HSA,"D:N429S,D:H510Q",2,EBY-2
4N0F,AB_D,FcRn,HSA,"D:H510Q,D:V530I",2,EBY-2
4N0F,AB_D,FcRn,HSA,"D:Y401H,D:H464Q",2,EBY-2
4N0F,AB_D,FcRn,HSA,"D:A504S,D:H510Q",2,EBY-2
4N0F,AB_D,FcRn,HSA,"D:L463M,D:H510Q",2,EBY-2
4N0F,AB_D,FcRn,HSA,"D:K414R,D:H510Q",2,EBY-2
4N0F,AB_D,FcRn,HSA,"D:H510Q,D:I523V",2,EBY-2
4N0F,AB_D,FcRn,HSA,"D:Y411H,D:H510Q",2,EBY-2
4N0F,AB_D,FcRn,HSA,"D:H510Q,D:Q526*",2,EBY-2
4N0F,AB_D,FcRn,HSA,"D:T508A,D:H510Q",2,EBY-2
4N0F,AB_D,FcRn,HSA,"D:H510Q,D:G572D",2,EBY-2
4N0F,AB_D,FcRn,HSA,"D:H510Q,D:D563G",2,EBY-2
4N0F,AB_D,FcRn,HSA,"D:H510Q,D:K519M",2,EBY-2
4N0F,AB_D,FcRn,HSA,"D:Q397R,D:H510Q",2,EBY-2
4N0F,AB_D,FcRn,HSA,"D:M446V,D:H510Q",2,EBY-2
4N0F,AB_D,FcRn,HSA,"D:H510Q,D:F568S",2,EBY-2
4N0F,AB_D,FcRn,HSA,"D:T506K,D:H510Q",2,EBY-2
4N0F,AB_D,FcRn,HSA,"D:E425G,D:H510Q",2,EBY-2
4N0F,AB_D,FcRn,HSA,"D:Q543R,D:E565G",2,EBY-2
4N0F,AB_D,FcRn,HSA,"D:H510Q,D:C558S",2,EBY-2
4N0F,AB_D,FcRn,HSA,"D:Q404H,D:H510Q",2,EBY-2
4N0F,AB_D,FcRn,HSA,"D:K466E,D:H510Q",2,EBY-2
4N0F,AB_D,FcRn,HSA,"D:A406V,D:H510Q",2,EBY-2
4N0F,AB_D,FcRn,HSA,"D:H510Q,D:E542G",2,EBY-2
4N0F,AB_D,FcRn,HSA,"D:Q459R,D:H510Q",2,EBY-2
4N0F,AB_D,FcRn,HSA,"D:F395L,D:H464Q",2,EBY-2
4N0F,AB_D,FcRn,HSA,"D:H464Q,D:K574R",2,EBY-2
4N0F,AB_D,FcRn,HSA,"D:H510Q,D:E518G",2,EBY-2
4N0F,AB_D,FcRn,HSA,"D:S454P,D:H510Q",2,EBY-2
4N0F,AB_D,FcRn,HSA,"D:V424A,D:H510Q",2,EBY-2
4N0F,AB_D,FcRn,HSA,"D:H464Q,D:R521K",2,EBY-2
4N0F,AB_D,FcRn,HSA,"D:H510Q,D:K524R",2,EBY-2
4N0F,AB_D,FcRn,HSA,"D:H510Q,D:E565G",2,EBY-2
4N0F,AB_D,FcRn,HSA,"D:H510Q,D:D549N",2,EBY-2
4N0F,AB_D,FcRn,HSA,"D:H510Q,D:E520K",2,EBY-2
4N0F,AB_D,FcRn,HSA,"D:V415E,D:H510Q",2,EBY-2
4N0F,AB_D,FcRn,HSA,"D:V455L,D:H510Q",2,EBY-2
4N0F,AB_D,FcRn,HSA,"D:A449T,D:H510Q",2,EBY-2
4N0F,AB_D,FcRn,HSA,"D:V415I,D:H510Q",2,EBY-2
4N0F,AB_D,FcRn,HSA,"D:E505K,D:H510Q",2,EBY-2
4N0F,AB_D,FcRn,HSA,"D:H510Q,D:L544Q",2,EBY-2
4N0F,AB_D,FcRn,HSA,"D:H510Q,D:Q522*",2,EBY-2
4N0F,AB_D,FcRn,HSA,"D:N429D,D:F507Y,D:D512V",2,EBY-2
4N0F,AB_D,FcRn,HSA,"D:H464Q,D:V530A",2,EBY-2
4N0F,AB_D,FcRn,HSA,"D:A449G,D:H510Q",2,EBY-2
4N0F,AB_D,FcRn,HSA,"D:A406T,D:H510Q",2,EBY-2
4N0F,AB_D,FcRn,HSA,"D:H464Q,D:K560E",2,EBY-2
4N0F,AB_D,FcRn,HSA,"D:C437*,D:K439N,D:H510Q,D:I513M",2,EBY-2
4N0F,AB_D,FcRn,HSA,"D:H510Q,D:V555E",2,EBY-2
4N0F,AB_D,FcRn,HSA,"D:V456I,D:H510Q",2,EBY-2
4N0F,AB_D,FcRn,HSA,"D:H464Q,D:T527A",2,EBY-2
4N0F,AB_D,FcRn,HSA,"D:V462A,D:H464Q",2,EBY-2
4N0F,AB_D,FcRn,HSA,"D:T506R,D:H510Q",2,EBY-2
4N0F,AB_D,FcRn,HSA,"D:Y452N,D:H510Q",2,EBY-2
4N0F,AB_D,FcRn,HSA,"D:H510Q,D:A539T",2,EBY-2
4N0F,AB_D,FcRn,HSA,"D:V456A,D:H510Q",2,EBY-2
4N0F,AB_D,FcRn,HSA,"D:S435G,D:P447T",2,EBY-2
4N0F,AB_D,FcRn,HSA,"D:A504D,D:H510Q",2,EBY-2
4N0F,AB_D,FcRn,HSA,"D:T412I,D:H510Q",2,EBY-2
4N0F,AB_D,FcRn,HSA,"D:K444E,D:H464Q",2,EBY-2
4N0F,AB_D,FcRn,HSA,"D:Y452N,D:H464Q",2,EBY-2
4N0F,AB_D,FcRn,HSA,"D:A443V,D:H510Q",2,EBY-2
4N0F,AB_D,FcRn,HSA,"D:C437R,D:H510Q",2,EBY-2
4N0F,AB_D,FcRn,HSA,"D:H510Q,D:K541E",2,EBY-2
4N0F,AB_D,FcRn,HSA,"D:H464Q,D:T467A",2,EBY-2
4N0F,AB_D,FcRn,HSA,"D:F509S,D:H510Q",2,EBY-2
4N0F,AB_D,FcRn,HSA,"D:H464Q,D:C514R",2,EBY-2
4N0F,AB_D,FcRn,HSA,"D:H464Q,D:C559S",2,EBY-2
4N0F,AB_D,FcRn,HSA,"D:F509I,D:H510Q",2,EBY-2
4N0F,AB_D,FcRn,HSA,"D:L423F,D:H464Q",2,EBY-2
4N0F,AB_D,FcRn,HSA,"D:K413E,D:H510Q",2,EBY-2
4N0F,AB_D,FcRn,HSA,"D:S435G,D:H464Q,D:H510Q",2,EBY-2
4N0F,AB_D,FcRn,HSA,"D:H464Q,D:A504S",2,EBY-2
4N0F,AB_D,FcRn,HSA,"D:Q397*,D:H510Q",2,EBY-2
4N0F,AB_D,FcRn,HSA,"D:Q459K,D:H510Q",2,EBY-2
4N0F,AB_D,FcRn,HSA,"D:Y411C,D:H510Q",2,EBY-2
4N0F,AB_D,FcRn,HSA,"D:V462A,D:D562G",2,EBY-2
4N0F,AB_D,FcRn,HSA,"D:T422I,D:H464Q",2,EBY-2
4N0F,AB_D,FcRn,HSA,"D:H464Q,D:N503D",2,EBY-2
4N0F,AB_D,FcRn,HSA,"D:V433A,D:H510Q",2,EBY-2
4N0F,AB_D,FcRn,HSA,"D:C438W,D:H510Q",2,EBY-2
4N0F,AB_D,FcRn,HSA,"D:A504G,D:H510Q,D:T527I,D:P537L",2,EBY-2
4N0F,AB_D,FcRn,HSA,"D:P447S,D:H510Q",2,EBY-2
4N0F,AB_D,FcRn,HSA,"D:P447S,D:H464Q",2,EBY-2
4N0F,AB_D,FcRn,HSA,"D:H510Q,D:R521K",2,EBY-2
4N0F,AB_D,FcRn,HSA,"D:H510Q,D:V533M",2,EBY-2
4N0F,AB_D,FcRn,HSA,"D:P537L,D:K557E",2,EBY-2
4N0F,AB_D,FcRn,HSA,"D:H510Q,D:D549G",2,EBY-2
4N0F,AB_D,FcRn,HSA,"D:E425V,D:H464Q",2,EBY-2
4N0F,AB_D,FcRn,HSA,"D:K536E,D:L575P",2,EBY-2
4N0F,AB_D,FcRn,HSA,"D:V462M,D:H510Q",2,EBY-2
4N0F,AB_D,FcRn,HSA,"D:E465D,D:H510Q",2,EBY-2
4N0F,AB_D,FcRn,HSA,"D:V462E,D:A511T,D:T515S",2,EBY-2
4N0F,AB_D,FcRn,HSA,"D:H510Q,D:Q526R,D:P537S",2,EBY-2
4N0F,AB_D,FcRn,HSA,"D:Q404L,D:H510Q",2,EBY-2
4N0F,AB_D,FcRn,HSA,"D:H510Q,D:T515S",2,EBY-2
4N0F,AB_D,FcRn,HSA,"D:H510Q,D:V547D,D:F568L",2,EBY-2
4N0F,AB_D,FcRn,HSA,"D:E450K,D:H510Q",2,EBY-2
4N0F,AB_D,FcRn,HSA,"D:A504P,D:H510Q",2,EBY-2
4N0F,AB_D,FcRn,HSA,"D:C392*,D:H510Q",2,EBY-2
4N0F,AB_D,FcRn,HSA,"D:L463M,D:H464Q",2,EBY-2
4N0F,AB_D,FcRn,HSA,"D:C438Y,D:H510Q",2,EBY-2
4N0F,AB_D,FcRn,HSA,"D:T412S,D:H510Q",2,EBY-2
4N0F,AB_D,FcRn,HSA,"D:E531V,D:K545N",2,EBY-2
4N0F,AB_D,FcRn,HSA,"D:F568Y,D:A578V",2,EBY-2
4N0F,AB_D,FcRn,HSA,"D:H464Q,D:S517T",2,EBY-2
4N0F,AB_D,FcRn,HSA,"D:K444I,D:H510Q",2,EBY-2
4N0F,AB_D,FcRn,HSA,"D:E442V,D:D550G",2,EBY-2
4N0F,AB_D,FcRn,HSA,"D:Y411C,D:H464Q",2,EBY-2
4N0F,AB_D,FcRn,HSA,"D:H510Q,D:Q543*",2,EBY-2
4N0F,AB_D,FcRn,HSA,"D:H464Q,D:F554L",2,EBY-2
4N0F,AB_D,FcRn,HSA,"D:Y401N,D:S435G,D:P441L,D:Y452C,D:H510Q",2,EBY-2
4N0F,AB_D,FcRn,HSA,"D:K466R,D:H510Q",2,EBY-2
4N0F,AB_D,FcRn,HSA,"D:H510Q,D:C514*",2,EBY-2
4N0F,AB_D,FcRn,HSA,"D:R445K,D:H510Q",2,EBY-2
4N0F,AB_D,FcRn,HSA,"D:H510Q,D:K560R",2,EBY-2
4N0F,AB_D,FcRn,HSA,"D:H464Q,D:N503S",2,EBY-2
4N0F,AB_D,FcRn,HSA,"D:A406G,D:H510Q",2,EBY-2
4N0F,AB_D,FcRn,HSA,"D:V418T,D:H510Q,D:S517T",2,EBY-2
4N0F,AB_D,FcRn,HSA,"D:V462E,D:H510Q",2,EBY-2
4N0F,AB_D,FcRn,HSA,"D:H510Q,D:V576D",2,EBY-2
4N0F,AB_D,FcRn,HSA,"D:H510Q,D:T527A",2,EBY-2
4N0F,AB_D,FcRn,HSA,"D:A504T,D:H510Q",2,EBY-2
4N0F,AB_D,FcRn,HSA,"D:H464Q,D:M548V",2,EBY-2
4N0F,AB_D,FcRn,HSA,"D:H510Q,D:V576A",2,EBY-2
4N0F,AB_D,FcRn,HSA,"D:H510Q,D:A561V",2,EBY-2
4N0F,AB_D,FcRn,HSA,"D:E442G,D:H510Q,D:K564M",2,EBY-2
4N0F,AB_D,FcRn,HSA,"D:H464Q,D:H510N,D:D563G",2,EBY-2
4N0F,AB_D,FcRn,HSA,"D:S454Y,D:L457Q",2,EBY-2
4N0F,AB_D,FcRn,HSA,"D:H510Q,D:I523F",2,EBY-2
4N0F,AB_D,FcRn,HSA,"D:H510Q,D:C559Y",2,EBY-2
4N0F,AB_D,FcRn,HSA,"D:F395Y,D:H510Q",2,EBY-2
4N0F,AB_D,FcRn,HSA,"D:H510Q,D:D512N",2,EBY-2
4N0F,AB_D,FcRn,HSA,"D:E450V,D:H510Q",2,EBY-2
4N0F,AB_D,FcRn,HSA,"D:K436E,D:H464Q",2,EBY-2
4N0F,AB_D,FcRn,HSA,"D:H464Q,D:D562G",2,EBY-2
4N0F,AB_D,FcRn,HSA,"D:H510Q,D:V530D",2,EBY-2
4N0F,AB_D,FcRn,HSA,"D:H510Q,D:K524E,D:T540A,D:D563N,D:K574E",2,EBY-2
4N0F,AB_D,FcRn,HSA,"D:V456I,D:H464Q",2,EBY-2
4N0F,AB_D,FcRn,HSA,"D:P416R,D:H510Q",2,EBY-2
4N0F,AB_D,FcRn,HSA,"D:K414R,D:Q522H,D:E556V",2,EBY-2
4N0F,AB_D,FcRn,HSA,"D:H510Q,D:M548I,D:F554S",2,EBY-2
4N0F,AB_D,FcRn,HSA,"D:A449P,D:H510Q,D:A578V",2,EBY-2
4N0F,AB_D,FcRn,HSA,"D:E396V,D:S419P",2,EBY-2
4N0F,AB_D,FcRn,HSA,"D:C559R,D:K560M",2,EBY-2
4N0F,AB_D,FcRn,HSA,"D:E442K,D:H510Q",2,EBY-2
4N0F,AB_D,FcRn,HSA,"D:H510Q,D:K574N",2,EBY-2
4N0F,AB_D,FcRn,HSA,"D:V424E,D:H510Q",2,EBY-2
4N0F,AB_D,FcRn,HSA,"D:H464Q,D:A552T",2,EBY-2
4N0F,AB_D,FcRn,HSA,"D:C558S,D:K573E",2,EBY-2
4N0F,AB_D,FcRn,HSA,"D:A539V,D:K574G",2,EBY-2
4N0F,AB_D,FcRn,HSA,"D:F551L,D:A577V",2,EBY-2
4N0F,AB_D,FcRn,HSA,"D:H510Q,D:S517T",2,EBY-2
4N0F,AB_D,FcRn,HSA,"D:H510R,D:K538E",2,EBY-2
4N0F,AB_D,FcRn,HSA,"D:H464Q,D:K564E",2,EBY-2
4N0F,AB_D,FcRn,HSA,"D:C438R,D:H464Q,D:H510Q",2,EBY-2
4N0F,AB_D,FcRn,HSA,"D:A443T,D:H510Q",2,EBY-2
4N0F,AB_D,FcRn,HSA,"D:V462A,D:H510Q,D:L532F,D:F554L",2,EBY-2
4N0F,AB_D,FcRn,HSA,"D:L408I,D:V418A,D:H510Q",2,EBY-2
4N0F,AB_D,FcRn,HSA,"D:F395Y,D:K402R,D:E425G",2,EBY-2
4N0F,AB_D,FcRn,HSA,"D:L516P,D:K519E",2,EBY-2
4N0F,AB_D,FcRn,HSA,"D:E393G,D:D563G",2,EBY-2
4N0F,AB_D,FcRn,HSA,"D:E400K,D:H510Q",2,EBY-2
4N0F,AB_D,FcRn,HSA,"D:V418A,D:K557M",2,EBY-2
4N0F,AB_D,FcRn,HSA,"D:Y411C,D:D512V,D:V547D",2,EBY-2
4N0F,AB_D,FcRn,HSA,"D:V433E,D:H464Q",2,EBY-2
4N0F,AB_D,FcRn,HSA,"D:Q417R,D:H510Q",2,EBY-2
4N0F,AB_D,FcRn,HSA,"D:C437Y,D:H510Q",2,EBY-2
4N0F,AB_D,FcRn,HSA,"D:H510Q,D:M548I",2,EBY-2
4N0F,AB_D,FcRn,HSA,"D:H510Q,D:I523N",2,EBY-2
4N0F,AB_D,FcRn,HSA,"D:E425V,D:V433A,D:H510Q,D:E518K",2,EBY-2
4N0F,AB_D,FcRn,HSA,"D:K414*,D:T508A,D:T540A",2,EBY-2
4N0F,AB_D,FcRn,HSA,"D:F403Y,D:V418A,D:H510Q",2,EBY-2
4N0F,AB_D,FcRn,HSA,"D:H464Q,D:H510*",2,EBY-2
4N0F,AB_D,FcRn,HSA,"D:T506A,D:H510Q,D:M548V",2,EBY-2
4N0F,AB_D,FcRn,HSA,"D:E465K,D:H510Q,D:C514R,D:F551Y",2,EBY-2
4N0F,AB_D,FcRn,HSA,"D:V409A,D:H464Q",2,EBY-2
4N0F,AB_D,FcRn,HSA,"D:H510Q,D:K573*",2,EBY-2
4N0F,AB_D,FcRn,HSA,"D:C437*,D:H510Q",2,EBY-2
4N0F,AB_D,FcRn,HSA,"D:H510Q,D:K573I",2,EBY-2
4N0F,AB_D,FcRn,HSA,"D:H464Q,D:L516P",2,EBY-2
4N0F,AB_D,FcRn,HSA,"D:E400G,D:H510Q",2,EBY-2
4N0F,AB_D,FcRn,HSA,"D:H510Q,D:K534*,D:M548I",2,EBY-2
4N0F,AB_D,FcRn,HSA,"D:H464Q,D:L544P",2,EBY-2
4N0F,AB_D,FcRn,HSA,"D:D512E,D:I523N,D:L575F",2,EBY-2
4N0F,AB_D,FcRn,HSA,"D:S454T,D:E505K,D:E570V",2,EBY-2
4N0F,AB_D,FcRn,HSA,"D:E531G,D:D549Y",2,EBY-2
4N0F,AB_D,FcRn,HSA,"D:P416A,D:H510Q",2,EBY-2
4N0F,AB_D,FcRn,HSA,"D:H464Q,D:F509S",2,EBY-2
4N0F,AB_D,FcRn,HSA,"D:Y401C,D:Y411H,D:T508A",2,EBY-2
4N0F,AB_D,FcRn,HSA,"D:F395S,D:S419P,D:E450*,D:H510Q",2,EBY-2
4N0F,AB_D,FcRn,HSA,"D:V462L,D:H510Q",2,EBY-2
4N0F,AB_D,FcRn,HSA,"D:F509L,D:H510Q,D:K538E",2,EBY-2
4N0F,AB_D,FcRn,HSA,"D:H464Q,D:I513K",2,EBY-2
4N0F,AB_D,FcRn,HSA,"D:T506A,D:A511G",2,EBY-2
4N0F,AB_D,FcRn,HSA,"D:R410C,D:H510Q",2,EBY-2
4N0F,AB_D,FcRn,HSA,"D:K444*,D:H510Q",2,EBY-2
4N0F,AB_D,FcRn,HSA,"D:H510Q,D:K525N",2,EBY-2
4N0F,AB_D,FcRn,HSA,"D:H510Q,D:E531D",2,EBY-2
4N0F,AB_D,FcRn,HSA,"D:H510Q,D:L532P",2,EBY-2
4N0F,AB_D,FcRn,HSA,"D:H510Q,D:L529P",2,EBY-2
4N0F,AB_D,FcRn,HSA,"D:E396G,D:H510Q",2,EBY-2
4N0F,AB_D,FcRn,HSA,"D:V433A,D:H464Q",2,EBY-2
4N0F,AB_D,FcRn,HSA,"D:H510Q,D:C559S",2,EBY-2
4N0F,AB_D,FcRn,HSA,"D:G399R,D:H510Q",2,EBY-2
4N0F,AB_D,FcRn,HSA,"D:N458D,D:H510Q,D:K534*",2,EBY-2
4N0F,AB_D,FcRn,HSA,"D:V530A,D:D562V",2,EBY-2
4N0F,AB_D,FcRn,HSA,"D:V415I,D:S427P",2,EBY-2
4N0F,AB_D,FcRn,HSA,"D:Y401*,D:H510Q",2,EBY-2
4N0F,AB_D,FcRn,HSA,"D:L457Q,D:H510Q",2,EBY-2
4N0F,AB_D,FcRn,HSA,"D:E505V,D:H510Q,D:I523V",2,EBY-2
4N0F,AB_D,FcRn,HSA,"D:H510Q,D:A511P",2,EBY-2
4N0F,AB_D,FcRn,HSA,"D:K439R,D:H464Q",2,EBY-2
4N0F,AB_D,FcRn,HSA,"D:H464Q,D:A504V",2,EBY-2
4N0F,AB_D,FcRn,HSA,"D:E520G,D:K541R",2,EBY-2
4N0F,AB_D,FcRn,HSA,"D:H510Q,D:T540R",2,EBY-2
4N0F,AB_D,FcRn,HSA,"D:H510Q,D:A511G,D:E518V,D:F551I",2,EBY-2
4N0F,AB_D,FcRn,HSA,"D:L407P,D:F507Y",2,EBY-2
4N0F,AB_D,FcRn,HSA,"D:E396V,D:H510Q",2,EBY-2
4N0F,AB_D,FcRn,HSA,"D:H510Q,D:K564M",2,EBY-2
4N0F,AB_D,FcRn,HSA,"D:H510Q,D:C514S",2,EBY-2
4N0F,AB_D,FcRn,HSA,"D:H510Q,D:E518Q",2,EBY-2
4N0F,AB_D,FcRn,HSA,"D:H510Q,D:E565K",2,EBY-2
4N0F,AB_D,FcRn,HSA,"D:H510Q,D:A546T",2,EBY-2
4N0F,AB_D,FcRn,HSA,"D:H464Q,D:E531G",2,EBY-2
4N0F,AB_D,FcRn,HSA,"D:N503D,D:L532F,D:K534R,D:K545E",2,EBY-2
4N0F,AB_D,FcRn,HSA,"D:L529H,D:E531G",2,EBY-2
4N0F,AB_D,FcRn,HSA,"D:V415A,D:H464Q",2,EBY-2
4N0F,AB_D,FcRn,HSA,"D:D451G,D:H510Q,D:K534E,D:P537L",2,EBY-2
4N0F,AB_D,FcRn,HSA,"D:H464Q,D:H510Q,D:I523F",2,EBY-2
4N0F,AB_D,FcRn,HSA,"D:H464Q,D:H510Q,D:K534R",2,EBY-2
4N0F,AB_D,FcRn,HSA,"D:H510Q,D:H535Y",2,EBY-2
4N0F,AB_D,FcRn,HSA,"D:Y401C,D:H464Q",2,EBY-2
4N0F,AB_D,FcRn,HSA,"D:H464Q,D:K574Q",2,EBY-2
4N0F,AB_D,FcRn,HSA,"D:Y452*,D:I513A,D:A528V",2,EBY-2
4N0F,AB_D,FcRn,HSA,"D:V462M,D:H510Q,D:K557E",2,EBY-2
4N0F,AB_D,FcRn,HSA,"D:S419L,D:H510Q",2,EBY-2
4N0F,AB_D,FcRn,HSA,"D:F395S,D:V555A,D:A569D",2,EBY-2
4N0F,AB_D,FcRn,HSA,"D:D562N,D:A569V",2,EBY-2
4N0F,AB_D,FcRn,HSA,"D:C448*,D:H510Q",2,EBY-2
4N0F,AB_D,FcRn,HSA,"D:A511E,D:I523N,D:V555A",2,EBY-2
4N0F,AB_D,FcRn,HSA,"D:V456A,D:H464Q,D:F509S,D:V530D",2,EBY-2
4N0F,AB_D,FcRn,HSA,"D:V424G,D:L463S",2,EBY-2
4N0F,AB_D,FcRn,HSA,"D:H464Q,D:V533E",2,EBY-2
4N0F,AB_D,FcRn,HSA,"D:F568L,D:L575R",2,EBY-2
4N0F,AB_D,FcRn,HSA,"D:F395V,D:E425*",2,EBY-2
4N0F,AB_D,FcRn,HSA,"D:K444E,D:K534R",2,EBY-2
4N0F,AB_D,FcRn,HSA,"D:H510Q,D:A569T",2,EBY-2
4N0F,AB_D,FcRn,HSA,"D:S419T,D:V455E,D:V533E",2,EBY-2
4N0F,AB_D,FcRn,HSA,"D:Y452C,D:H464Y",2,EBY-2
4N0F,AB_D,FcRn,HSA,"D:H464Q,D:D512E,D:K525R",2,EBY-2
4N0F,AB_D,FcRn,HSA,"D:L457P,D:H464Q",2,EBY-2
4N0F,AB_D,FcRn,HSA,"D:H464Q,D:K525R",2,EBY-2
4N0F,AB_D,FcRn,HSA,"D:F403S,D:Y452H",2,EBY-2
4N0F,AB_D,FcRn,HSA,"D:K439N,D:H464Q",2,EBY-2
4N0F,AB_D,FcRn,HSA,"D:H464Q,D:D550G",2,EBY-2
4N0F,AB_D,FcRn,HSA,"D:H510Q,D:L532F",2,EBY-2
4N0F,AB_D,FcRn,HSA,"D:A449V,D:H510Q",2,EBY-2
4N0F,AB_D,FcRn,HSA,"D:V433M,D:F507L,D:C514S",2,EBY-2
4N0F,AB_D,FcRn,HSA,"D:H464Q,D:Q522L",2,EBY-2
4N0F,AB_D,FcRn,HSA,"D:K402*,D:H464Q",2,EBY-2
4N0F,AB_D,FcRn,HSA,"D:P416A,D:H464Q",2,EBY-2
4N0F,AB_D,FcRn,HSA,"D:K414*,D:H510Q",2,EBY-2
4N0F,AB_D,FcRn,HSA,"D:H464Q,D:Q522R",2,EBY-2
4N0F,AB_D,FcRn,HSA,"D:S419L,D:L423H,D:N429S,D:E442V",2,EBY-2
4N0F,AB_D,FcRn,HSA,"D:L516F,D:K557E",2,EBY-2
4N0F,AB_D,FcRn,HSA,"D:K444*,D:E465D",2,EBY-2
4N0F,AB_D,FcRn,HSA,"D:H510Q,D:M548L",2,EBY-2
4N0F,AB_D,FcRn,HSA,"D:F507S,D:K525N",2,EBY-2
4N0F,AB_D,FcRn,HSA,"D:R445S,D:H510Q",2,EBY-2
4N0F,AB_D,FcRn,HSA,"D:H464Q,D:C514F",2,EBY-2
4N0F,AB_D,FcRn,HSA,"D:H464Q,D:K536E",2,EBY-2
4N0F,AB_D,FcRn,HSA,"D:S435N,D:E442V,D:C448*,D:H464Q",2,EBY-2
4N0F,AB_D,FcRn,HSA,"D:H510Q,D:L575H",2,EBY-2
4N0F,AB_D,FcRn,HSA,"D:V456D,D:H464Q",2,EBY-2
4N0F,AB_D,FcRn,HSA,"D:C514R,D:K564E",2,EBY-2
4N0F,AB_D,FcRn,HSA,"D:Y452*,D:H510Q",2,EBY-2
4N0F,AB_D,FcRn,HSA,"D:M446I,D:H464Q",2,EBY-2
4N0F,AB_D,FcRn,HSA,"D:Y411H,D:L460F",2,EBY-2
4N0F,AB_D,FcRn,HSA,"D:H510Q,D:C558G",2,EBY-2
4N0F,AB_D,FcRn,HSA,"D:Q417L,D:H510Q",2,EBY-2
4N0F,AB_D,FcRn,HSA,"D:L460I,D:H464Q",2,EBY-2
4N0F,AB_D,FcRn,HSA,"D:H464Q,D:D549G",2,EBY-2
4N0F,AB_D,FcRn,HSA,"D:L408S,D:V456A,D:H464R",2,EBY-2
4N0F,AB_D,FcRn,HSA,"D:H510Q,D:Q522R,D:K557E",2,EBY-2
4N0F,AB_D,FcRn,HSA,"D:L398P,D:E505V",2,EBY-2
4N0F,AB_D,FcRn,HSA,"D:H510Q,D:A528P",2,EBY-2
4N0F,AB_D,FcRn,HSA,"D:H464Q,D:V547D",2,EBY-2
4N0F,AB_D,FcRn,HSA,"D:T508P,D:H510Q",2,EBY-2
4N0F,AB_D,FcRn,HSA,"D:S435C,D:H510Q,D:H535R",2,EBY-2
4N0F,AB_D,FcRn,HSA,"D:G434V,D:H510Q",2,EBY-2
4N0F,AB_D,FcRn,HSA,"D:H510Q,D:A511G",2,EBY-2
4N0F,AB_D,FcRn,HSA,"D:H510Q,D:T515K",2,EBY-2
4N0F,AB_D,FcRn,HSA,"D:H464Q,D:K534*",2,EBY-2
4N0F,AB_D,FcRn,HSA,"D:H464Q,D:Q543R",2,EBY-2
4N0F,AB_D,FcRn,HSA,"D:L408F,D:K439E,D:C461R,D:H510Q,D:K524Q",2,EBY-2
4N0F,AB_D,FcRn,HSA,"D:H464Q,D:A546T",2,EBY-2
4N0F,AB_D,FcRn,HSA,"D:C461S,D:H510Q,D:C514R",2,EBY-2
4N0F,AB_D,FcRn,HSA,"D:H510Q,D:T527I",2,EBY-2
4N0F,AB_D,FcRn,HSA,"D:L407P,D:C559R",2,EBY-2
4N0F,AB_D,FcRn,HSA,"D:V415A,D:H440D",2,EBY-2
4N0F,AB_D,FcRn,HSA,"D:I513M,D:E518V",2,EBY-2
4N0F,AB_D,FcRn,HSA,"D:H510Q,D:V555L",2,EBY-2
4N0F,AB_D,FcRn,HSA,"D:D451G,D:H464Q",2,EBY-2
4N0F,AB_D,FcRn,HSA,"D:K439R,D:A528T",2,EBY-2
4N0F,AB_D,FcRn,HSA,"D:H510Q,D:K525E",2,EBY-2
4N0F,AB_D,FcRn,HSA,"D:L457P,D:L460*,D:Q522L",2,EBY-2
4N0F,AB_D,FcRn,HSA,"D:A406V,D:C437Y,D:L453Q",2,EBY-2
4N0F,AB_D,FcRn,HSA,"D:K432R,D:K444R",2,EBY-2
4N0F,AB_D,FcRn,HSA,"D:F502L,D:K524M",2,EBY-2
4N0F,AB_D,FcRn,HSA,"D:E400V,D:C461Y,D:F509L",2,EBY-2
4N0F,AB_D,FcRn,HSA,"D:E505V,D:I523M",2,EBY-2
4N0F,AB_D,FcRn,HSA,"D:N458Y,D:H510Q,D:K545E",2,EBY-2
4N0F,AB_D,FcRn,HSA,"D:L457M,D:H510Q",2,EBY-2
4N0F,AB_D,FcRn,HSA,"D:S427L,D:H510Q",2,EBY-2
4N0F,AB_D,FcRn,HSA,"D:S419T,D:L460F,D:H510Q",2,EBY-2
4N0F,AB_D,FcRn,HSA,"D:L463S,D:H510Q,D:T515A",2,EBY-2
4N0F,AB_D,FcRn,HSA,"D:H510Q,D:D563N",2,EBY-2
4N0F,AB_D,FcRn,HSA,"D:L463S,D:H464Q",2,EBY-2
4N0F,AB_D,FcRn,HSA,"D:F502L,D:H510Q",2,EBY-2
4N0F,AB_D,FcRn,HSA,"D:H464Q,D:H510Q,D:A552T,D:K573*",2,EBY-2
4N0F,AB_D,FcRn,HSA,"D:V426D,D:H510Q",2,EBY-2
4N0F,AB_D,FcRn,HSA,"D:H510Q,D:T566I",2,EBY-2
4N0F,AB_D,FcRn,HSA,"D:T527A,D:D563G,D:L575H,D:A577V",2,EBY-2
4N0F,AB_D,FcRn,HSA,"D:E393K,D:H510Q",2,EBY-2
4N0F,AB_D,FcRn,HSA,"D:K413R,D:H464Q",2,EBY-2
4N0F,AB_D,FcRn,HSA,"D:H510Q,D:T540S",2,EBY-2
4N0F,AB_D,FcRn,HSA,"D:H510Q,D:I513K",2,EBY-2
4N0F,AB_D,FcRn,HSA,"D:F551L,D:K557E",2,EBY-2
4N0F,AB_D,FcRn,HSA,"D:L544Q,D:A577V",2,EBY-2
4N0F,AB_D,FcRn,HSA,"D:T508S,D:H510Q",2,EBY-2
4N0F,AB_D,FcRn,HSA,"D:H510Q,D:F551Y",2,EBY-2
4N0F,AB_D,FcRn,HSA,"D:G431*,D:V462A,D:H510Q",2,EBY-2
4N0F,AB_D,FcRn,HSA,"D:P416S,D:H510Q",2,EBY-2
4N0F,AB_D,FcRn,HSA,"D:V409I,D:H510Q",2,EBY-2
4N0F,AB_D,FcRn,HSA,"D:L460F,D:H464Q",2,EBY-2
4N0F,AB_D,FcRn,HSA,"D:K402R,D:H464Q",2,EBY-2
4N0F,AB_D,FcRn,HSA,"D:F395S,D:H464Q,D:H510Q,D:K573R",2,EBY-2
4N0F,AB_D,FcRn,HSA,"D:E505V,D:D512G,D:F554Y",2,EBY-2
4N0F,AB_D,FcRn,HSA,"D:F395S,D:V424A,D:G431E,D:H510Q",2,EBY-2
4N0F,AB_D,FcRn,HSA,"D:K525R,D:E531G",2,EBY-2
4N0F,AB_D,FcRn,HSA,"D:K439E,D:V456L,D:T508A",2,EBY-2
4N0F,AB_D,FcRn,HSA,"D:Q526L,D:P537S",2,EBY-2
4N0F,AB_D,FcRn,HSA,"D:H510Q,D:A578E",2,EBY-2
4N0F,AB_D,FcRn,HSA,"D:H510Q,D:E565V",2,EBY-2
4N0F,AB_D,FcRn,HSA,"D:F395Y,D:H464Q",2,EBY-2
4N0F,AB_D,FcRn,HSA,"D:V409L,D:V462E,D:H510Q,D:I513M",2,EBY-2
4N0F,AB_D,FcRn,HSA,"D:Y452F,D:K564*",2,EBY-2
4N0F,AB_D,FcRn,HSA,"D:S419P,D:S454P",2,EBY-2
4N0F,AB_D,FcRn,HSA,"D:H464Q,D:K573I",2,EBY-2
4N0F,AB_D,FcRn,HSA,"D:E393D,D:H510Q",2,EBY-2
4N0F,AB_D,FcRn,HSA,"D:T527A,D:K534*,D:V547D",2,EBY-2
4N0F,AB_D,FcRn,HSA,"D:N429K,D:H510Q",2,EBY-2
4N0F,AB_D,FcRn,HSA,"D:G431R,D:H510Q",2,EBY-2
4N0F,AB_D,FcRn,HSA,"D:L394P,D:H510Q,D:C559R",2,EBY-2
4N0F,AB_D,FcRn,HSA,"D:K444R,D:N458Y,D:H510Q,D:L532V",2,EBY-2
4N0F,AB_D,FcRn,HSA,"D:R410H,D:T467A",2,EBY-2
4N0F,AB_D,FcRn,HSA,"D:H464Q,D:E505D",2,EBY-2
4N0F,AB_D,FcRn,HSA,"D:R428S,D:H510Q",2,EBY-2
4N0F,AB_D,FcRn,HSA,"D:T420A,D:H464Q",2,EBY-2
4N0F,AB_D,FcRn,HSA,"D:H510Q,D:K536R",2,EBY-2
4N0F,AB_D,FcRn,HSA,"D:L463S,D:D563G,D:K574N",2,EBY-2
4N0F,AB_D,FcRn,HSA,"D:H510Q,D:K557R,D:K560M",2,EBY-2
4N0F,AB_D,FcRn,HSA,"D:E400G,D:A504T",2,EBY-2
4N0F,AB_D,FcRn,HSA,"D:Y452*,D:C461R,D:K536N,D:C559Y",2,EBY-2
4N0F,AB_D,FcRn,HSA,"D:T422I,D:A511V,D:T515A,D:Q522E",2,EBY-2
4N0F,AB_D,FcRn,HSA,"D:V533A,D:V555A",2,EBY-2
4N0F,AB_D,FcRn,HSA,"D:T412A,D:E442D",2,EBY-2
4N0F,AB_D,FcRn,HSA,"D:K414R,D:H510Q,D:K560E",2,EBY-2
4N0F,AB_D,FcRn,HSA,"D:E396V,D:N429S,D:H510Q",2,EBY-2
4N0F,AB_D,FcRn,HSA,"D:L407P,D:K414*,D:F551Y",2,EBY-2
4N0F,AB_D,FcRn,HSA,"D:L463*,D:F509S,D:A553V",2,EBY-2
4N0F,AB_D,FcRn,HSA,"D:L457P,D:F507Y",2,EBY-2
4N0F,AB_D,FcRn,HSA,"D:A511E,D:F551S",2,EBY-2
4N0F,AB_D,FcRn,HSA,"D:H464Q,D:E520G",2,EBY-2
4N0F,AB_D,FcRn,HSA,"D:M446V,D:H464Q",2,EBY-2
4N0F,AB_D,FcRn,HSA,"D:H440L,D:L544Q,D:D550E",2,EBY-2
4N0F,AB_D,FcRn,HSA,"D:E425D,D:H510Q,D:E520V",2,EBY-2
4N0F,AB_D,FcRn,HSA,"D:P447L,D:T566A",2,EBY-2
4N0F,AB_D,FcRn,HSA,"D:A449V,D:L463S",2,EBY-2
4N0F,AB_D,FcRn,HSA,"D:L532H,D:C559R",2,EBY-2
4N0F,AB_D,FcRn,HSA,"D:S454T,D:H510Q",2,EBY-2
4N0F,AB_D,FcRn,HSA,"D:V409A,D:Q417R,D:A546V",2,EBY-2
4N0F,AB_D,FcRn,HSA,"D:H464N,D:H510Q",2,EBY-2
4N0F,AB_D,FcRn,HSA,D:H510K,2,EBY-2
4N0F,AB_D,FcRn,HSA,"D:V409A,D:L529P",2,EBY-2
4N0F,AB_D,FcRn,HSA,"D:Q522*,D:Q543H",2,EBY-2
4N0F,AB_D,FcRn,HSA,"D:H510Q,D:V555I",2,EBY-2
4N0F,AB_D,FcRn,HSA,"D:G431R,D:F507L,D:H510Q",2,EBY-2
4N0F,AB_D,FcRn,HSA,"D:H510Q,D:E556V",2,EBY-2
4N0F,AB_D,FcRn,HSA,"D:C438R,D:K439E,D:H464N,D:H510Q",2,EBY-2
4N0F,AB_D,FcRn,HSA,"D:H510Q,D:E571V",2,EBY-2
4N0F,AB_D,FcRn,HSA,"D:Q404*,D:L423P,D:F554S",2,EBY-2
4N0F,AB_D,FcRn,HSA,"D:P416R,D:R521K,D:V530D",2,EBY-2
4N0F,AB_D,FcRn,HSA,"D:E531V,D:K545R,D:K574R,D:V576A",2,EBY-2
4N0F,AB_D,FcRn,HSA,"D:L407P,D:V409D",2,EBY-2
4N0F,AB_D,FcRn,HSA,"D:H510Q,D:F568I",2,EBY-2
4N0F,AB_D,FcRn,HSA,"D:K402E,D:K519R",2,EBY-2
4N0F,AB_D,FcRn,HSA,"D:V533A,D:K574R",2,EBY-2
4N0F,AB_D,FcRn,HSA,"D:F507Y,D:K574E",2,EBY-2
4N0F,AB_D,FcRn,HSA,"D:K432N,D:H510Q",2,EBY-2
4N0F,AB_D,FcRn,HSA,"D:E505D,D:H510Q",2,EBY-2
4N0F,AB_D,FcRn,HSA,"D:L394V,D:Y411H,D:L460S,D:H510Q",2,EBY-2
4N0F,AB_D,FcRn,HSA,"D:D512G,D:I523V",2,EBY-2
4N0F,AB_D,FcRn,HSA,"D:C438R,D:N503S",2,EBY-2
4N0F,AB_D,FcRn,HSA,"D:C461S,D:E518K",2,EBY-2
4N0F,AB_D,FcRn,HSA,"D:H510Q,D:K536*",2,EBY-2
4N0F,AB_D,FcRn,HSA,"D:H464Q,D:H510Q,D:R521S",2,EBY-2
4N0F,AB_D,FcRn,HSA,"D:F403Y,D:K444D",2,EBY-2
4N0F,AB_D,FcRn,HSA,"D:H464Q,D:F509Y",2,EBY-2
4N0F,AB_D,FcRn,HSA,"D:P447R,D:H510Q",2,EBY-2
4N0F,AB_D,FcRn,HSA,"D:H510Q,D:T515I",2,EBY-2
4N0F,AB_D,FcRn,HSA,"D:H510Q,D:K538R,D:M548V",2,EBY-2
4N0F,AB_D,FcRn,HSA,"D:E465V,D:D512G,D:V533A",2,EBY-2
4N0F,AB_D,FcRn,HSA,"D:K439R,D:H464Q,D:H510Q",2,EBY-2
4N0F,AB_D,FcRn,HSA,"D:Q397R,D:H464Q",2,EBY-2
4N0F,AB_D,FcRn,HSA,"D:T508A,D:H510Q,D:C514*,D:A577T",2,EBY-2
4N0F,AB_D,FcRn,HSA,"D:K534R,D:K557M",2,EBY-2
4N0F,AB_D,FcRn,HSA,"D:G431R,D:H464Q",2,EBY-2
4N0F,AB_D,FcRn,HSA,"D:Q417H,D:K444R",2,EBY-2
4N0F,AB_D,FcRn,HSA,"D:N405D,D:C461R,D:H510Q",2,EBY-2
4N0F,AB_D,FcRn,HSA,"D:K444T,D:H510Q",2,EBY-2
4N0F,AB_D,FcRn,HSA,"D:K436R,D:C567S",2,EBY-2
4N0F,AB_D,FcRn,HSA,"D:V462A,D:A511V",2,EBY-2
4N0F,AB_D,FcRn,HSA,"D:H464Q,D:F554S",2,EBY-2
4N0F,AB_D,FcRn,HSA,"D:Y411H,D:K414R,D:K564R",2,EBY-2
4N0F,AB_D,FcRn,HSA,"D:N503K,D:C567R",2,EBY-2
4N0F,AB_D,FcRn,HSA,"D:S419L,D:V455L,D:H464Q,D:K466R",2,EBY-2
4N0F,AB_D,FcRn,HSA,"D:N503K,D:H510Q",2,EBY-2
4N0F,AB_D,FcRn,HSA,"D:R410C,D:S435G,D:H510Q",2,EBY-2
4N0F,AB_D,FcRn,HSA,"D:K413R,D:H510Q",2,EBY-2
4N0F,AB_D,FcRn,HSA,"D:K402I,D:K414E,D:G434D,D:H510Q,D:V533A",2,EBY-2
4N0F,AB_D,FcRn,HSA,"D:T540A,D:F554L",2,EBY-2
4N0F,AB_D,FcRn,HSA,"D:L398P,D:K413E",2,EBY-2
4N0F,AB_D,FcRn,HSA,"D:H464Q,D:K560R",2,EBY-2
4N0F,AB_D,FcRn,HSA,"D:H510Q,D:A539P",2,EBY-2
4N0F,AB_D,FcRn,HSA,"D:F395V,D:H510Q,D:A511V,D:D562V",2,EBY-2
4N0F,AB_D,FcRn,HSA,"D:Y401H,D:E425G,D:S435R,D:H510Q",2,EBY-2
4N0F,AB_D,FcRn,HSA,"D:H510Q,D:K545R,D:F551Y",2,EBY-2
4N0F,AB_D,FcRn,HSA,"D:E442*,D:A449G,D:H510Q",2,EBY-2
4N0F,AB_D,FcRn,HSA,"D:L529P,D:K560M",2,EBY-2
4N0F,AB_D,FcRn,HSA,"D:H464Q,D:C559R",2,EBY-2
4N0F,AB_D,FcRn,HSA,"D:E518G,D:F568L,D:A578V",2,EBY-2
4N0F,AB_D,FcRn,HSA,"D:F507Y,D:K534R,D:D549G",2,EBY-2
4N0F,AB_D,FcRn,HSA,"D:H510Q,D:K541T",2,EBY-2
4N0F,AB_D,FcRn,HSA,"D:H510R,D:K524R,D:M548T",2,EBY-2
4N0F,AB_D,FcRn,HSA,"D:H464Q,D:F509C",2,EBY-2
4N0F,AB_D,FcRn,HSA,"D:T422S,D:H510Q",2,EBY-2
4N0F,AB_D,FcRn,HSA,"D:E400K,D:H464Q,D:H510Q,D:Q543R",2,EBY-2
4N0F,AB_D,FcRn,HSA,"D:L394F,D:Q397R,D:H464D",2,EBY-2
4N0F,AB_D,FcRn,HSA,"D:T467A,D:A511V,D:K541R",2,EBY-2
4N0F,AB_D,FcRn,HSA,"D:N429D,D:K466E",2,EBY-2
4N0F,AB_D,FcRn,HSA,"D:S419L,D:H440L,D:E505K",2,EBY-2
4N0F,AB_D,FcRn,HSA,"D:H464Q,D:E571G",2,EBY-2
4N0F,AB_D,FcRn,HSA,"D:H510Q,D:K538*",2,EBY-2
4N0F,AB_D,FcRn,HSA,"D:T422S,D:E442V,D:H510Q,D:V547A",2,EBY-2
4N0F,AB_D,FcRn,HSA,"D:V533A,D:F551S,D:D562N",2,EBY-2
4N0F,AB_D,FcRn,HSA,"D:V409L,D:N458D,D:H464Q,D:K466E",2,EBY-2
4N0F,AB_D,FcRn,HSA,"D:K545E,D:E570V",2,EBY-2
4N0F,AB_D,FcRn,HSA,"D:K439R,D:A443V,D:H464Q",2,EBY-2
4N0F,AB_D,FcRn,HSA,"D:R428K,D:H510Q",2,EBY-2
4N0F,AB_D,FcRn,HSA,"D:C448Y,D:K466*",2,EBY-2
4N0F,AB_D,FcRn,HSA,"D:C437S,D:H510Q",2,EBY-2
4N0F,AB_D,FcRn,HSA,"D:Y401F,D:H510Q",2,EBY-2
4N0F,AB_D,FcRn,HSA,"D:H464Q,D:F507Y",2,EBY-2
4N0F,AB_D,FcRn,HSA,"D:L407P,D:H464Q",2,EBY-2
4N0F,AB_D,FcRn,HSA,"D:H510Q,D:K545*,D:M548R",2,EBY-2
4N0F,AB_D,FcRn,HSA,"D:E442V,D:Q526R",2,EBY-2
4N0F,AB_D,FcRn,HSA,"D:C438Y,D:H464R",2,EBY-2
4N0F,AB_D,FcRn,HSA,"D:H510Q,D:T515P",2,EBY-2
4N0F,AB_D,FcRn,HSA,"D:H510Q,D:G572S",2,EBY-2
4N0F,AB_D,FcRn,HSA,"D:V433M,D:H510Q",2,EBY-2
4N0F,AB_D,FcRn,HSA,"D:K436*,D:S454P",2,EBY-2
4N0F,AB_D,FcRn,HSA,"D:E400G,D:A449S",2,EBY-2
4N0F,AB_D,FcRn,HSA,"D:I513V,D:C514W",2,EBY-2
4N0F,AB_D,FcRn,HSA,"D:L453P,D:H464Q,D:K524R",2,EBY-2
4N0F,AB_D,FcRn,HSA,"D:H464Q,D:K557R",2,EBY-2
4N0F,AB_D,FcRn,HSA,"D:P421L,D:H510Q",2,EBY-2
4N0F,AB_D,FcRn,HSA,"D:C448R,D:D550G",2,EBY-2
4N0F,AB_D,FcRn,HSA,"D:E442G,D:H510Q,D:F568L",2,EBY-2
4N0F,AB_D,FcRn,HSA,"D:E396D,D:C438R,D:N458D",2,EBY-2
4N0F,AB_D,FcRn,HSA,"D:N458I,D:V547I",2,EBY-2
4N0F,AB_D,FcRn,HSA,"D:R445K,D:H464Q",2,EBY-2
4N0F,AB_D,FcRn,HSA,"D:H510Q,D:E570K",2,EBY-2
4N0F,AB_D,FcRn,HSA,"D:P441R,D:H510Q",2,EBY-2
4N0F,AB_D,FcRn,HSA,"D:G434S,D:A539V",2,EBY-2
4N0F,AB_D,FcRn,HSA,"D:P441L,D:D451V,D:N458D",2,EBY-2
4N0F,AB_D,FcRn,HSA,"D:Y411*,D:H510Q",2,EBY-2
4N0F,AB_D,FcRn,HSA,"D:H510Q,D:K534N",2,EBY-2
4N0F,AB_D,FcRn,HSA,"D:A443V,D:H464Q,D:H510Q",2,EBY-2
4N0F,AB_D,FcRn,HSA,"D:K432E,D:H464Q",2,EBY-2
4N0F,AB_D,FcRn,HSA,"D:Q417*,D:K436E,D:K439I,D:L460S,D:H510Q",2,EBY-2
4N0F,AB_D,FcRn,HSA,"D:S435G,D:H510Q,D:F551S",2,EBY-2
4N0F,AB_D,FcRn,HSA,"D:S435N,D:T527S",2,EBY-2
4N0F,AB_D,FcRn,HSA,"D:V462E,D:Q522L",2,EBY-2
4N0F,AB_D,FcRn,HSA,"D:Y411C,D:A511V,D:E520V",2,EBY-2
4N0F,AB_D,FcRn,HSA,"D:H510Q,D:K525N,D:K545*",2,EBY-2
4N0F,AB_D,FcRn,HSA,"D:P447L,D:F507S",2,EBY-2
4N0F,AB_D,FcRn,HSA,"D:V418L,D:H510Q",2,EBY-2
4N0F,AB_D,FcRn,HSA,"D:H464Q,D:E570G",2,EBY-2
4N0F,AB_D,FcRn,HSA,"D:T412S,D:H464Q",2,EBY-2
4N0F,AB_D,FcRn,HSA,"D:Y411C,D:V576D",2,EBY-2
4N0F,AB_D,FcRn,HSA,"D:D451V,D:H510Q,D:K525R,D:C567R",2,EBY-2
4N0F,AB_D,FcRn,HSA,"D:A561D,D:T566A",2,EBY-2
4N0F,AB_D,FcRn,HSA,"D:E518V,D:P537H,D:K573N",2,EBY-2
4N0F,AB_D,FcRn,HSA,"D:L423P,D:L544P",2,EBY-2
4N0F,AB_D,FcRn,HSA,"D:H464Q,D:Q522*,D:D563G",2,EBY-2
4N0F,AB_D,FcRn,HSA,"D:H510Q,D:L532I,D:H535R",2,EBY-2
4N0F,AB_D,FcRn,HSA,"D:Q397E,D:H510Q",2,EBY-2
4N0F,AB_D,FcRn,HSA,"D:N429S,D:H464Q",2,EBY-2
4N0F,AB_D,FcRn,HSA,"D:H510Q,D:K524*",2,EBY-2
4N0F,AB_D,FcRn,HSA,"D:H464Q,D:T508A",2,EBY-2
4N0F,AB_D,FcRn,HSA,"D:L407P,D:S419L,D:K444I,D:E505G,D:H510Q",2,EBY-2
4N0F,AB_D,FcRn,HSA,"D:R445*,D:L457R,D:H510Q,D:C514S,D:V547G",2,EBY-2
4N0F,AB_D,FcRn,HSA,"D:P421S,D:H510Q,D:E531V,D:H535D,D:A539V",2,EBY-2
4N0F,AB_D,FcRn,HSA,"D:Y411H,D:V424I,D:H510Q",2,EBY-2
4N0F,AB_D,FcRn,HSA,"D:H510Q,D:D563V",2,EBY-2
4N0F,AB_D,FcRn,HSA,"D:H440L,D:H510Q",2,EBY-2
4N0F,AB_D,FcRn,HSA,"D:E465V,D:H510Q",2,EBY-2
4N0F,AB_D,FcRn,HSA,"D:N429S,D:K439R,D:T508S,D:V530A",2,EBY-2
4N0F,AB_D,FcRn,HSA,"D:V455A,D:H464Q,D:K573I",2,EBY-2
4N0F,AB_D,FcRn,HSA,"D:E518K,D:K534R,D:C559S",2,EBY-2
4N0F,AB_D,FcRn,HSA,"D:A406V,D:H464Q",2,EBY-2
4N0F,AB_D,FcRn,HSA,"D:K413*,D:H464Q,D:F509L,D:H510Q,D:E531V",2,EBY-2
4N0F,AB_D,FcRn,HSA,"D:V462A,D:T508A,D:H510Q,D:K538R",2,EBY-2
4N0F,AB_D,FcRn,HSA,"D:Q459*,D:K536R",2,EBY-2
4N0F,AB_D,FcRn,HSA,"D:R410C,D:H510Q,D:A511T",2,EBY-2
4N0F,AB_D,FcRn,HSA,"D:Q417H,D:K525E",2,EBY-2
4N0F,AB_D,FcRn,HSA,"D:V418A,D:E465D,D:H510Q",2,EBY-2
4N0F,AB_D,FcRn,HSA,"D:H464Q,D:E465A",2,EBY-2
4N0F,AB_D,FcRn,HSA,"D:H510Q,D:M548K",2,EBY-2
4N0F,AB_D,FcRn,HSA,"D:H510Q,D:K534N,D:K545*,D:D549N,D:L575P",2,EBY-2
4N0F,AB_D,FcRn,HSA,"D:Y411C,D:H510Q,D:K564N",2,EBY-2
4N0F,AB_D,FcRn,HSA,"D:F403S,D:V426A,D:T515A",2,EBY-2
4N0F,AB_D,FcRn,HSA,"D:H510Q,D:K525*,D:M548T",2,EBY-2
4N0F,AB_D,FcRn,HSA,"D:E465V,D:H535L,D:C559S",2,EBY-2
4N0F,AB_D,FcRn,HSA,"D:L516P,D:R521*,D:K536M",2,EBY-2
4N0F,AB_D,FcRn,HSA,"D:K525R,D:K573R",2,EBY-2
4N0F,AB_D,FcRn,HSA,"D:K436E,D:H510Q,D:K536M,D:V576A",2,EBY-2
4N0F,AB_D,FcRn,HSA,"D:N405S,D:C448R,D:Q522R",2,EBY-2
4N0F,AB_D,FcRn,HSA,"D:C438R,D:M446I,D:H510Q,D:K560E",2,EBY-2
4N0F,AB_D,FcRn,HSA,"D:H464Q,D:I513L,D:A546T",2,EBY-2
4N0F,AB_D,FcRn,HSA,"D:K436I,D:N503S,D:H510Q,D:S517P",2,EBY-2
4N0F,AB_D,FcRn,HSA,"D:K432R,D:K538E",2,EBY-2
4N0F,AB_D,FcRn,HSA,"D:Q459L,D:H464Q",2,EBY-2
4N0F,AB_D,FcRn,HSA,"D:H510Q,D:D562Y",2,EBY-2
4N0F,AB_D,FcRn,HSA,"D:H464Q,D:T515I",2,EBY-2
4N0F,AB_D,FcRn,HSA,"D:H510Q,D:L516F",2,EBY-2
4N0F,AB_D,FcRn,HSA,"D:S419T,D:V424A,D:H510Q,D:K545E",2,EBY-2
4N0F,AB_D,FcRn,HSA,"D:E505G,D:K536R,D:E565V",2,EBY-2
4N0F,AB_D,FcRn,HSA,"D:T412S,D:K534R,D:K560E",2,EBY-2
4N0F,AB_D,FcRn,HSA,"D:H510Q,D:K534R,D:K564E",2,EBY-2
4N0F,AB_D,FcRn,HSA,"D:H510Y,D:Q522R,D:H535R",2,EBY-2
4N0F,AB_D,FcRn,HSA,"D:Y452F,D:F551Y",2,EBY-2
4N0F,AB_D,FcRn,HSA,"D:D451G,D:T506A",2,EBY-2
4N0F,AB_D,FcRn,HSA,"D:H464Q,D:T506A",2,EBY-2
4N0F,AB_D,FcRn,HSA,"D:L408*,D:F509Y,D:H510Q,D:E565K",2,EBY-2
4N0F,AB_D,FcRn,HSA,"D:V455M,D:Q459E,D:T515A",2,EBY-2
4N0F,AB_D,FcRn,HSA,"D:E396K,D:P421L",2,EBY-2
4N0F,AB_D,FcRn,HSA,"D:S435N,D:M446T,D:Q522H",2,EBY-2
4N0F,AB_D,FcRn,HSA,"D:K439E,D:F507L,D:H510Q",2,EBY-2
4N0F,AB_D,FcRn,HSA,"D:H510Q,D:R521*",2,EBY-2
4N0F,AB_D,FcRn,HSA,"D:H464D,D:H510Q",2,EBY-2
4N0F,AB_D,FcRn,HSA,"D:D451G,D:H510Q",2,EBY-2
4N0F,AB_D,FcRn,HSA,"D:K439R,D:H510Q,D:K574R",2,EBY-2
4N0F,AB_D,FcRn,HSA,"D:S419P,D:C448S",2,EBY-2
4N0F,AB_D,FcRn,HSA,"D:H510Q,D:Q522R,D:K560*",2,EBY-2
4N0F,AB_D,FcRn,HSA,"D:H510Q,D:V555G",2,EBY-2
4N0F,AB_D,FcRn,HSA,"D:K436E,D:K466I,D:H510Q",2,EBY-2
4N0F,AB_D,FcRn,HSA,"D:H464Q,D:C558Y",2,EBY-2
4N0F,AB_D,FcRn,HSA,"D:G431V,D:H510Q,D:K524R,D:K538R",2,EBY-2
4N0F,AB_D,FcRn,HSA,"D:V462E,D:M548V,D:A578V",2,EBY-2
4N0F,AB_D,FcRn,HSA,"D:M446V,D:C461R,D:E556K",2,EBY-2
4N0F,AB_D,FcRn,HSA,"D:F509I,D:E531G",2,EBY-2
4N0F,AB_D,FcRn,HSA,"D:H510Q,D:V533E",2,EBY-2
4N0F,AB_D,FcRn,HSA,"D:L408I,D:H464Q",2,EBY-2
4N0F,AB_D,FcRn,HSA,"D:V462E,D:H464Q",2,EBY-2
4N0F,AB_D,FcRn,HSA,"D:K466I,D:E520V,D:C559Y,D:K574R",2,EBY-2
4N0F,AB_D,FcRn,HSA,"D:C437S,D:T508A,D:H510Q,D:R521K,D:V547A",2,EBY-2
4N0F,AB_D,FcRn,HSA,"D:L423P,D:D549N",2,EBY-2
4N0F,AB_D,FcRn,HSA,"D:K402E,D:H510Q,D:K541I",2,EBY-2
4N0F,AB_D,FcRn,HSA,"D:H464N,D:R521G",2,EBY-2
4N0F,AB_D,FcRn,HSA,"D:K414R,D:C437G,D:H464Q,D:H510Q",2,EBY-2
4N0F,AB_D,FcRn,HSA,"D:I513T,D:C559R",2,EBY-2
4N0F,AB_D,FcRn,HSA,"D:K402E,D:S427T,D:L463W",2,EBY-2
4N0F,AB_D,FcRn,HSA,"D:H464Q,D:H510Q,D:Q522H",2,EBY-2
4N0F,AB_D,FcRn,HSA,"D:L463V,D:E465K",2,EBY-2
4N0F,AB_D,FcRn,HSA,D:H510*,2,EBY-2
4N0F,AB_D,FcRn,HSA,"D:G399E,D:H510Q",2,EBY-2
4N0F,AB_D,FcRn,HSA,"D:S427P,D:H510Q,D:L529P",2,EBY-2
4N0F,AB_D,FcRn,HSA,"D:Q459*,D:T508S,D:D549N",2,EBY-2
4N0F,AB_D,FcRn,HSA,"D:K444R,D:H464Q,D:A511T",2,EBY-2
4N0F,AB_D,FcRn,HSA,"D:N429D,D:F507Y",2,EBY-2
4N0F,AB_D,FcRn,HSA,"D:L457P,D:I523V",2,EBY-2
4N0F,AB_D,FcRn,HSA,"D:Y411H,D:K432R",2,EBY-2
4N0F,AB_D,FcRn,HSA,"D:V433E,D:H510Q",2,EBY-2
4N0F,AB_D,FcRn,HSA,"D:H464Q,D:N503I",2,EBY-2
4N0F,AB_D,FcRn,HSA,"D:H464Q,D:K545E",2,EBY-2
4N0F,AB_D,FcRn,HSA,"D:K402*,D:H510Q",2,EBY-2
4N0F,AB_D,FcRn,HSA,"D:C461Y,D:H510Q",2,EBY-2
4N0F,AB_D,FcRn,HSA,"D:K402E,D:Y452H,D:H510Q,D:Q543H,D:K564E",2,EBY-2
4N0F,AB_D,FcRn,HSA,"D:L407P,D:A511T,D:K574E",2,EBY-2
4N0F,AB_D,FcRn,HSA,"D:L408*,D:H440Q,D:K534Q",2,EBY-2
4N0F,AB_D,FcRn,HSA,"D:Y452*,D:L516P",2,EBY-2
4N0F,AB_D,FcRn,HSA,"D:F507L,D:H510Q,D:K557*",2,EBY-2
4N0F,AB_D,FcRn,HSA,"D:P441L,D:H464Q,D:K525E,D:A577V",2,EBY-2
4N0F,AB_D,FcRn,HSA,"D:H510Q,D:L516P,D:L544M",2,EBY-2
4N0F,AB_D,FcRn,HSA,"D:V456L,D:H510Q",2,EBY-2
4N0F,AB_D,FcRn,HSA,"D:N458Y,D:K545*",2,EBY-2
4N0F,AB_D,FcRn,HSA,"D:K439R,D:T467A",2,EBY-2
4N0F,AB_D,FcRn,HSA,"D:H510Q,D:S517F",2,EBY-2
4N0F,AB_D,FcRn,HSA,"D:N503D,D:H510Q,D:F551Y,D:K573E",2,EBY-2
4N0F,AB_D,FcRn,HSA,"D:K444R,D:Y452H,D:E520G",2,EBY-2
4N0F,AB_D,FcRn,HSA,"D:Q404L,D:H464Q,D:L532P",2,EBY-2
4N0F,AB_D,FcRn,HSA,"D:L423P,D:T566P",2,EBY-2
4N0F,AB_D,FcRn,HSA,"D:K439*,D:H510Q,D:Q526R",2,EBY-2
4N0F,AB_D,FcRn,HSA,"D:S427*,D:K436*",2,EBY-2
4N0F,AB_D,FcRn,HSA,"D:K413M,D:H510Q",2,EBY-2
4N0F,AB_D,FcRn,HSA,"D:H510Q,D:G572C",2,EBY-2
4N0F,AB_D,FcRn,HSA,"D:A449T,D:H464Q",2,EBY-2
4N0F,AB_D,FcRn,HSA,"D:H510Q,D:V576I",2,EBY-2
4N0F,AB_D,FcRn,HSA,"D:P447A,D:H510Q",2,EBY-2
4N0F,AB_D,FcRn,HSA,"D:L463S,D:K545E,D:K574R",2,EBY-2
4N0F,AB_D,FcRn,HSA,"D:Y401N,D:K414E,D:S427T,D:H510Q",2,EBY-2
4N0F,AB_D,FcRn,HSA,"D:T508A,D:V530I",2,EBY-2
4N0F,AB_D,FcRn,HSA,"D:R445*,D:A504D,D:H510Q",2,EBY-2
4N0F,AB_D,FcRn,HSA,"D:K413R,D:K439R,D:H510Q",2,EBY-2
4N0F,AB_D,FcRn,HSA,"D:K432R,D:L460S",2,EBY-2
4N0F,AB_D,FcRn,HSA,"D:L398P,D:P416H,D:H464Q",2,EBY-2
4N0F,AB_D,FcRn,HSA,"D:T508A,D:L532R",2,EBY-2
4N0F,AB_D,FcRn,HSA,"D:H510Q,D:C514F",2,EBY-2
4N0F,AB_D,FcRn,HSA,"D:H510Q,D:Q543L",2,EBY-2
4N0F,AB_D,FcRn,HSA,"D:E396K,D:H510Q",2,EBY-2
4N0F,AB_D,FcRn,HSA,"D:H464Q,D:A578V",2,EBY-2
4N0F,AB_D,FcRn,HSA,"D:T515A,D:C559S",2,EBY-2
4N0F,AB_D,FcRn,HSA,"D:K444E,D:H510Q,D:K524E",2,EBY-2
4N0F,AB_D,FcRn,HSA,"D:G434D,D:V456D,D:K557*",2,EBY-2
4N0F,AB_D,FcRn,HSA,"D:L430P,D:K432R,D:K525R",2,EBY-2
4N0F,AB_D,FcRn,HSA,"D:G399A,D:V418A",2,EBY-2
4N0F,AB_D,FcRn,HSA,"D:K525R,D:F568S",2,EBY-2
4N0F,AB_D,FcRn,HSA,"D:H510Q,D:A552S",2,EBY-2
4N0F,AB_D,FcRn,HSA,"D:H464Q,D:Q526*",2,EBY-2
4N0F,AB_D,FcRn,HSA,"D:C448Y,D:H464Q",2,EBY-2
4N0F,AB_D,FcRn,HSA,"D:L398H,D:H510Q",2,EBY-2
4N0F,AB_D,FcRn,HSA,"D:Q397L,D:H510Q",2,EBY-2
4N0F,AB_D,FcRn,HSA,"D:C437*,D:E450G,D:H464Q",2,EBY-2
4N0F,AB_D,FcRn,HSA,"D:L423P,D:L529V",2,EBY-2
4N0F,AB_D,FcRn,HSA,"D:F395L,D:H510Q,D:D563N",2,EBY-2
4N0F,AB_D,FcRn,HSA,"D:C448R,D:H510Q,D:E571V",2,EBY-2
4N0F,AB_D,FcRn,HSA,"D:H510Q,D:L544R,D:K545R",2,EBY-2
4N0F,AB_D,FcRn,HSA,"D:G434D,D:K436R,D:H510Q,D:K538E",2,EBY-2
4N0F,AB_D,FcRn,HSA,"D:H464Q,D:K534R,D:P537S",2,EBY-2
4N0F,AB_D,FcRn,HSA,"D:M548I,D:C567R",2,EBY-2
4N0F,AB_D,FcRn,HSA,"D:N429D,D:K432R,D:D451E",2,EBY-2
4N0F,AB_D,FcRn,HSA,"D:H510Q,D:E520G,D:V530A",2,EBY-2
4N0F,AB_D,FcRn,HSA,"D:H510Q,D:T527N",2,EBY-2
4N0F,AB_D,FcRn,HSA,"D:K439N,D:H510Q",2,EBY-2
4N0F,AB_D,FcRn,HSA,"D:C392R,D:H510Q",2,EBY-2
4N0F,AB_D,FcRn,HSA,"D:S419L,D:P537S",2,EBY-2
4N0F,AB_D,FcRn,HSA,"D:L394V,D:F395S,D:V418A",2,EBY-2
4N0F,AB_D,FcRn,HSA,"D:K414E,D:F507S,D:H510Q",2,EBY-2
4N0F,AB_D,FcRn,HSA,"D:F509I,D:H535R",2,EBY-2
4N0F,AB_D,FcRn,HSA,"D:Y411F,D:H464Q",2,EBY-2
4N0F,AB_D,FcRn,HSA,"D:C392*,D:Y401H",2,EBY-2
4N0F,AB_D,FcRn,HSA,"D:R428*,D:H510Q",2,EBY-2
4N0F,AB_D,FcRn,HSA,"D:Y411C,D:R428G,D:H510Q,D:A528V",2,EBY-2
4N0F,AB_D,FcRn,HSA,"D:S419*,D:M548T",2,EBY-2
4N0F,AB_D,FcRn,HSA,"D:S435G,D:V462A,D:K574*",2,EBY-2
4N0F,AB_D,FcRn,HSA,"D:R410H,D:F551L",2,EBY-2
4N0F,AB_D,FcRn,HSA,"D:H510Q,D:C514R,D:Q543H",2,EBY-2
4N0F,AB_D,FcRn,HSA,"D:F395L,D:K436E,D:C448S",2,EBY-2
4N0F,AB_D,FcRn,HSA,"D:F395S,D:V415A,D:H510Q",2,EBY-2
4N0F,AB_D,FcRn,HSA,"D:H464L,D:H510Q",2,EBY-2
4N0F,AB_D,FcRn,HSA,"D:H510Q,D:I513F",2,EBY-2
4N0F,AB_D,FcRn,HSA,"D:T422I,D:H510Q",2,EBY-2
4N0F,AB_D,FcRn,HSA,"D:C438Y,D:R521*",2,EBY-2
4N0F,AB_D,FcRn,HSA,"D:K402E,D:L423H",2,EBY-2
4N0F,AB_D,FcRn,HSA,"D:Q459L,D:C461R",2,EBY-2
4N0F,AB_D,FcRn,HSA,"D:H510Q,D:H535Y,D:K557E",2,EBY-2
4N0F,AB_D,FcRn,HSA,"D:L457V,D:H510Q",2,EBY-2
4N0F,AB_D,FcRn,HSA,"D:H464Q,D:T506K",2,EBY-2
4N0F,AB_D,FcRn,HSA,"D:P441L,D:H464Q",2,EBY-2
4N0F,AB_D,FcRn,HSA,"D:E396V,D:V426D,D:Y452F,D:V462M",2,EBY-2
4N0F,AB_D,FcRn,HSA,"D:L408S,D:H510Q,D:L575F",2,EBY-2
4N0F,AB_D,FcRn,HSA,"D:Y401C,D:K436E,D:D451G",2,EBY-2
4N0F,AB_D,FcRn,HSA,"D:V462E,D:H510Q,D:K534E,D:T540A",2,EBY-2
4N0F,AB_D,FcRn,HSA,"D:C438W,D:Q543E",2,EBY-2
4N0F,AB_D,FcRn,HSA,"D:H464Y,D:H510Q,D:K538R,D:V547A",2,EBY-2
4N0F,AB_D,FcRn,HSA,"D:Y401H,D:F509S,D:C514Y",2,EBY-2
4N0F,AB_D,FcRn,HSA,"D:E531G,D:A552V",2,EBY-2
4N0F,AB_D,FcRn,HSA,"D:M446I,D:H535Y,D:K545*",2,EBY-2
4N0F,AB_D,FcRn,HSA,"D:S454F,D:K524R",2,EBY-2
4N0F,AB_D,FcRn,HSA,"D:K436E,D:C438R,D:K439I",2,EBY-2
4N0F,AB_D,FcRn,HSA,"D:P421Q,D:H510Q",2,EBY-2
4N0F,AB_D,FcRn,HSA,"D:K413*,D:H464Q",2,EBY-2
4N0F,AB_D,FcRn,HSA,"D:N503I,D:H510Q",2,EBY-2
4N0F,AB_D,FcRn,HSA,"D:A511T,D:C514R,D:E518G,D:F568L",2,EBY-2
4N0F,AB_D,FcRn,HSA,"D:N503I,D:F507Y,D:H510Q,D:C514R",2,EBY-2
4N0F,AB_D,FcRn,HSA,"D:E393D,D:H510Q,D:Q522*",2,EBY-2
4N0F,AB_D,FcRn,HSA,"D:H464Q,D:H535L,D:K541N",2,EBY-2
4N0F,AB_D,FcRn,HSA,"D:P416R,D:H510Q,D:C558R,D:E565G",2,EBY-2
4N0F,AB_D,FcRn,HSA,"D:V533A,D:H535R,D:K545E",2,EBY-2
4N0F,AB_D,FcRn,HSA,"D:H510Q,D:D549G,D:K560E",2,EBY-2
4N0F,AB_D,FcRn,HSA,"D:K413E,D:Q417*,D:H464Q,D:Q522*",2,EBY-2
4N0F,AB_D,FcRn,HSA,"D:F507L,D:H510Q,D:V530D,D:F554L",2,EBY-2
4N0F,AB_D,FcRn,HSA,D:V576T,2,EBY-2
4N0F,AB_D,FcRn,HSA,"D:Y401N,D:L408F,D:H510Q",2,EBY-2
4N0F,AB_D,FcRn,HSA,"D:Q526R,D:F551L",2,EBY-2
4N0F,AB_D,FcRn,HSA,"D:N458S,D:H510Q,D:C559R",2,EBY-2
4N0F,AB_D,FcRn,HSA,"D:T420A,D:R428G,D:K432E",2,EBY-2
4N0F,AB_D,FcRn,HSA,"D:V426I,D:H464Q",2,EBY-2
4N0F,AB_D,FcRn,HSA,"D:K432E,D:L453P,D:K564E",2,EBY-2
4N0F,AB_D,FcRn,HSA,"D:H510Q,D:I523S,D:K574T",2,EBY-2
4N0F,AB_D,FcRn,HSA,"D:C461R,D:H464Q,D:H510Q,D:C559R",2,EBY-2
4N0F,AB_D,FcRn,HSA,"D:Y411C,D:S435N,D:N458D,D:H510Q",2,EBY-2
4N0F,AB_D,FcRn,HSA,"D:V456I,D:Q459L,D:H510Q",2,EBY-2
4N0F,AB_D,FcRn,HSA,"D:F395L,D:E465A,D:H510Q",2,EBY-2
4N0F,AB_D,FcRn,HSA,"D:K414E,D:K439T,D:H510Q",2,EBY-2
4N0F,AB_D,FcRn,HSA,"D:E450D,D:T515A",2,EBY-2
4N0F,AB_D,FcRn,HSA,"D:H464Q,D:P537H",2,EBY-2
4N0F,AB_D,FcRn,HSA,"D:E565V,D:K573N",2,EBY-2
4N0F,AB_D,FcRn,HSA,"D:H464Q,D:H510Q,D:K573R",2,EBY-2
4N0F,AB_D,FcRn,HSA,"D:L394P,D:H464Q",2,EBY-2
4N0F,AB_D,FcRn,HSA,"D:N405S,D:K439N,D:H510Q,D:K538W",2,EBY-2
4N0F,AB_D,FcRn,HSA,"D:M548V,D:D563G,D:C567Y,D:K573R",2,EBY-2
4N0F,AB_D,FcRn,HSA,"D:F395L,D:V426A,D:K432E,D:C448*",2,EBY-2
4N0F,AB_D,FcRn,HSA,"D:H510Q,D:A553T,D:F554L",2,EBY-2
4N0F,AB_D,FcRn,HSA,"D:D549G,D:C558R",2,EBY-2
4N0F,AB_D,FcRn,HSA,"D:H464Q,D:F551L",2,EBY-2
4N0F,AB_D,FcRn,HSA,"D:E396K,D:H464Q",2,EBY-2
4N0F,AB_D,FcRn,HSA,"D:E400G,D:H464Q",2,EBY-2
4N0F,AB_D,FcRn,HSA,"D:N405S,D:H510Q",2,EBY-2
4N0F,AB_D,FcRn,HSA,"D:G399R,D:H464Q,D:E505V,D:F551S",2,EBY-2
4N0F,AB_D,FcRn,HSA,"D:L398P,D:D562V",2,EBY-2
4N0F,AB_D,FcRn,HSA,"D:H510Q,D:R521K,D:T566A",2,EBY-2
4N0F,AB_D,FcRn,HSA,"D:K432E,D:H510Q,D:F551I",2,EBY-2
4N0F,AB_D,FcRn,HSA,"D:L423P,D:H464Q,D:L544P,D:K573R",2,EBY-2
4N0F,AB_D,FcRn,HSA,"D:H464Q,D:K525R,D:T566A",2,EBY-2
4N0F,AB_D,FcRn,HSA,"D:L407P,D:R445S,D:H464Q,D:H510Q",2,EBY-2
4N0F,AB_D,FcRn,HSA,"D:H510Q,D:T515A,D:T527I",2,EBY-2
4N0F,AB_D,FcRn,HSA,"D:H464Q,D:L516P,D:Q526R",2,EBY-2
4N0F,AB_D,FcRn,HSA,"D:K466I,D:F509L,D:H510Q",2,EBY-2
4N0F,AB_D,FcRn,HSA,"D:H464Q,D:Q543H",2,EBY-2
4N0F,AB_D,FcRn,HSA,"D:Q459R,D:H464Q",2,EBY-2
4N0F,AB_D,FcRn,HSA,"D:H510Q,D:E542V",2,EBY-2
4N0F,AB_D,FcRn,HSA,"D:V415A,D:E465V,D:H510Q,D:A578V",2,EBY-2
4N0F,AB_D,FcRn,HSA,"D:Y452C,D:C461*,D:H510Q,D:K557E",2,EBY-2
4N0F,AB_D,FcRn,HSA,"D:K534*,D:K541E",2,EBY-2
4N0F,AB_D,FcRn,HSA,"D:K414R,D:K534R",2,EBY-2
4N0F,AB_D,FcRn,HSA,"D:T422S,D:C438Y",2,EBY-2
4N0F,AB_D,FcRn,HSA,"D:H510Q,D:I523T,D:C558Y,D:V576D",2,EBY-2
4N0F,AB_D,FcRn,HSA,"D:T420I,D:H510Q",2,EBY-2
4N0F,AB_D,FcRn,HSA,"D:V456F,D:H464Q",2,EBY-2
4N0F,AB_D,FcRn,HSA,"D:A406T,D:H510Q,D:C514*",2,EBY-2
4N0F,AB_D,FcRn,HSA,"D:C461R,D:E518K,D:E542G,D:A561D",2,EBY-2
4N0F,AB_D,FcRn,HSA,"D:F395S,D:F554I",2,EBY-2
4N0F,AB_D,FcRn,HSA,"D:L394P,D:F395S,D:L516P,D:Q522R",2,EBY-2
4N0F,AB_D,FcRn,HSA,"D:H464Q,D:K534E,D:D550N",2,EBY-2
4N0F,AB_D,FcRn,HSA,"D:H440R,D:L544V",2,EBY-2
4N0F,AB_D,FcRn,HSA,"D:T508A,D:H510Q,D:R521K",2,EBY-2
4N0F,AB_D,FcRn,HSA,"D:V455M,D:L463*,D:H510Q",2,EBY-2
4N0F,AB_D,FcRn,HSA,"D:H510Q,D:A546S",2,EBY-2
4N0F,AB_D,FcRn,HSA,"D:C448*,D:H464Q",2,EBY-2
4N0F,AB_D,FcRn,HSA,"D:L408*,D:H510Q",2,EBY-2
4N0F,AB_D,FcRn,HSA,"D:L394F,D:L453Q,D:E518V,D:L529P",2,EBY-2
4N0F,AB_D,FcRn,HSA,"D:A511V,D:T566A",2,EBY-2
4N0F,AB_D,FcRn,HSA,"D:H510Q,D:V547A,D:C567R,D:A577G",2,EBY-2
4N0F,AB_D,FcRn,HSA,"D:I513M,D:Q543R,D:K545N",2,EBY-2
4N0F,AB_D,FcRn,HSA,"D:T420S,D:K444I",2,EBY-2
4N0F,AB_D,FcRn,HSA,"D:H510Q,D:T566A,D:F568S",2,EBY-2
4N0F,AB_D,FcRn,HSA,"D:E400A,D:Q417H",2,EBY-2
4N0F,AB_D,FcRn,HSA,"D:Y411F,D:K439E,D:H510Q",2,EBY-2
4N0F,AB_D,FcRn,HSA,"D:K557E,D:A578S",2,EBY-2
4N0F,AB_D,FcRn,HSA,"D:L407I,D:H510Q",2,EBY-2
4N0F,AB_D,FcRn,HSA,"D:L430P,D:H464Q",2,EBY-2
4N0F,AB_D,FcRn,HSA,"D:C514D,D:K525R,D:E571V",2,EBY-2
4N0F,AB_D,FcRn,HSA,"D:V456D,D:C514R",2,EBY-2
4N0F,AB_D,FcRn,HSA,"D:V426G,D:Q543R",2,EBY-2
4N0F,AB_D,FcRn,HSA,"D:S427P,D:T515S,D:V530A",2,EBY-2
4N0F,AB_D,FcRn,HSA,"D:M446I,D:H464Q,D:D563E",2,EBY-2
4N0F,AB_D,FcRn,HSA,"D:L394P,D:H510Q,D:K534E",2,EBY-2
4N0F,AB_D,FcRn,HSA,"D:Q397R,D:K402E",2,EBY-2
4N0F,AB_D,FcRn,HSA,"D:L463S,D:H510Q,D:V576A",2,EBY-2
4N0F,AB_D,FcRn,HSA,"D:H510Q,D:A528V,D:K534*",2,EBY-2
4N0F,AB_D,FcRn,HSA,"D:K538E,D:E565G",2,EBY-2
4N0F,AB_D,FcRn,HSA,"D:L430P,D:S435N",2,EBY-2
4N0F,AB_D,FcRn,HSA,"D:H464Q,D:E505G,D:E565G",2,EBY-2
4N0F,AB_D,FcRn,HSA,"D:A539V,D:M548K",2,EBY-2
4N0F,AB_D,FcRn,HSA,"D:F507V,D:H510Q",2,EBY-2
4N0F,AB_D,FcRn,HSA,"D:H510Q,D:E531K",2,EBY-2
4N0F,AB_D,FcRn,HSA,"D:E505*,D:H510Q",2,EBY-2
4N0F,AB_D,FcRn,HSA,"D:H510Q,D:T527S",2,EBY-2
4N0F,AB_D,FcRn,HSA,"D:K432R,D:S435C,D:T540S",2,EBY-2
4N0F,AB_D,FcRn,HSA,"D:H510Q,D:K524E,D:D562V,D:E571K",2,EBY-2
4N0F,AB_D,FcRn,HSA,"D:G399R,D:S427T,D:H510Q",2,EBY-2
4N0F,AB_D,FcRn,HSA,"D:K541I,D:D550A",2,EBY-2
4N0F,AB_D,FcRn,HSA,"D:T540R,D:C559R",2,EBY-2
4N0F,AB_D,FcRn,HSA,"D:K432R,D:E450G,D:L463S,D:H510Q",2,EBY-2
4N0F,AB_D,FcRn,HSA,"D:E425G,D:V433A",2,EBY-2
4N0F,AB_D,FcRn,HSA,"D:Y452C,D:K536*",2,EBY-2
4N0F,AB_D,FcRn,HSA,"D:R410C,D:H510Q,D:E518K",2,EBY-2
4N0F,AB_D,FcRn,HSA,"D:S454F,D:H510Q",2,EBY-2
4N0F,AB_D,FcRn,HSA,"D:H464Q,D:K534E",2,EBY-2
4N0F,AB_D,FcRn,HSA,"D:V426A,D:K560*",2,EBY-2
4N0F,AB_D,FcRn,HSA,"D:C437R,D:D562G",2,EBY-2
4N0F,AB_D,FcRn,HSA,"D:K402I,D:L408F",2,EBY-2
4N0F,AB_D,FcRn,HSA,"D:F395Y,D:K541E",2,EBY-2
4N0F,AB_D,FcRn,HSA,"D:E400G,D:V418E,D:H510Q",2,EBY-2
4N0F,AB_D,FcRn,HSA,"D:F395L,D:H510Q,D:E531V",2,EBY-2
4N0F,AB_D,FcRn,HSA,"D:H510Q,D:Q522R,D:V533M",2,EBY-2
4N0F,AB_D,FcRn,HSA,"D:C438*,D:H510Q",2,EBY-2
4N0F,AB_D,FcRn,HSA,"D:K413R,D:Q417K,D:H464Q,D:H510Q",2,EBY-2
4N0F,AB_D,FcRn,HSA,"D:Y401C,D:V409I,D:T515A",2,EBY-2
4N0F,AB_D,FcRn,HSA,"D:T467S,D:D562V",2,EBY-2
4N0F,AB_D,FcRn,HSA,"D:S419T,D:P421Q,D:H464Q,D:V530I",2,EBY-2
4N0F,AB_D,FcRn,HSA,"D:H510Q,D:R521*,D:K534*,D:E542G",2,EBY-2
4N0F,AB_D,FcRn,HSA,"D:A569V,D:K574E",2,EBY-2
4N0F,AB_D,FcRn,HSA,"D:K432N,D:C448R,D:H464Q",2,EBY-2
4N0F,AB_D,FcRn,HSA,"D:E505V,D:F507S",2,EBY-2
